frame_index,pts_time_s,dt_ms
0,0.0,
1,0.067,67.0
2,0.133,66.0
3,0.2,67.0
4,0.267,67.0
5,0.333,66.0
6,0.4,67.0
7,0.467,67.0
8,0.533,66.0
9,0.6,67.0
10,0.667,67.0
11,0.8,133.0
12,0.867,67.0
13,0.933,66.0
14,1.0,67.0
15,1.067,67.0
16,1.133,66.0
17,1.2,67.0
18,1.267,67.0
19,1.333,66.0
20,1.4,67.0
21,1.467,67.0
22,1.533,66.0
23,1.667,134.0
24,1.733,66.0
25,1.8,67.0
26,1.867,67.0
27,1.933,66.0
28,2.0,67.0
29,2.067,67.0
30,2.133,66.0
31,2.2,67.0
32,2.267,67.0
33,2.333,66.0
34,2.4,67.0
35,2.533,133.0
36,2.6,67.0
37,2.667,67.0
38,2.733,66.0
39,2.8,67.0
40,2.867,67.0
41,2.933,66.0
42,3.0,67.0
43,3.067,67.0
44,3.133,66.0
45,3.2,67.0
46,3.267,67.0
47,3.4,133.0
48,3.467,67.0
49,3.533,66.0
50,3.6,67.0
51,3.667,67.0
52,3.733,66.0
53,3.8,67.0
54,3.867,67.0
55,3.933,66.0
56,4.0,67.0
57,4.067,67.0
58,4.133,66.0
59,4.267,134.0
60,4.333,66.0
61,4.4,67.0
62,4.467,67.0
63,4.533,66.0
64,4.6,67.0
65,4.667,67.0
66,4.733,66.0
67,4.8,67.0
68,4.867,67.0
69,4.933,66.0
70,5.0,67.0
71,5.133,133.0
72,5.2,67.0
73,5.267,67.0
74,5.333,66.0
75,5.4,67.0
76,5.467,67.0
77,5.533,66.0
78,5.6,67.0
79,5.667,67.0
80,5.733,66.0
81,5.8,67.0
82,5.867,67.0
83,6.0,133.0
84,6.067,67.0
85,6.133,66.0
86,6.2,67.0
87,6.267,67.0
88,6.333,66.0
89,6.4,67.0
90,6.467,67.0
91,6.533,66.0
92,6.6,67.0
93,6.667,67.0
94,6.733,66.0
95,6.867,134.0
96,6.933,66.0
97,7.0,67.0
98,7.067,67.0
99,7.133,66.0
100,7.2,67.0
101,7.267,67.0
102,7.333,66.0
103,7.4,67.0
104,7.467,67.0
105,7.5,33.0
106,7.533,33.0
107,7.567,34.0
108,7.6,33.0
109,7.633,33.0
110,7.667,34.0
111,7.7,33.0
112,7.733,33.0
113,7.767,34.0
114,7.8,33.0
115,7.833,33.0
116,7.867,34.0
117,7.9,33.0
118,7.933,33.0
119,7.967,34.0
120,8.0,33.0
121,8.033,33.0
122,8.067,34.0
123,8.1,33.0
124,8.133,33.0
125,8.167,34.0
126,8.2,33.0
127,8.233,33.0
128,8.267,34.0
129,8.3,33.0
130,8.333,33.0
131,8.367,34.0
132,8.4,33.0
133,8.433,33.0
134,8.467,34.0
135,8.5,33.0
136,8.533,33.0
137,8.567,34.0
138,8.6,33.0
139,8.633,33.0
140,8.667,34.0
141,8.7,33.0
142,8.733,33.0
143,8.767,34.0
144,8.8,33.0
145,8.833,33.0
146,8.867,34.0
147,8.9,33.0
148,8.933,33.0
149,8.967,34.0
150,9.0,33.0
151,9.033,33.0
152,9.067,34.0
153,9.1,33.0
154,9.133,33.0
155,9.167,34.0
156,9.2,33.0
157,9.233,33.0
158,9.267,34.0
159,9.3,33.0
160,9.333,33.0
161,9.367,34.0
162,9.4,33.0
163,9.433,33.0
164,9.467,34.0
165,9.5,33.0
166,9.533,33.0
167,9.567,34.0
168,9.6,33.0
169,9.633,33.0
170,9.667,34.0
171,9.7,33.0
172,9.733,33.0
173,9.767,34.0
174,9.8,33.0
175,9.833,33.0
176,9.867,34.0
177,9.9,33.0
178,9.933,33.0
179,9.967,34.0
180,10.0,33.0
181,10.033,33.0
182,10.067,34.0
183,10.1,33.0
184,10.133,33.0
185,10.167,34.0
186,10.2,33.0
187,10.233,33.0
188,10.267,34.0
189,10.3,33.0
190,10.333,33.0
191,10.367,34.0
192,10.4,33.0
193,10.433,33.0
194,10.467,34.0
195,10.5,33.0
196,10.533,33.0
197,10.567,34.0
198,10.6,33.0
199,10.633,33.0
200,10.667,34.0
201,10.7,33.0
202,10.733,33.0
203,10.767,34.0
204,10.8,33.0
205,10.833,33.0
206,10.867,34.0
207,10.9,33.0
208,10.933,33.0
209,10.967,34.0
210,11.0,33.0
211,11.033,33.0
212,11.067,34.0
213,11.1,33.0
214,11.133,33.0
215,11.167,34.0
216,11.2,33.0
217,11.233,33.0
218,11.267,34.0
219,11.3,33.0
220,11.333,33.0
221,11.367,34.0
222,11.4,33.0
223,11.433,33.0
224,11.467,34.0
225,11.5,33.0
226,11.533,33.0
227,11.567,34.0
228,11.6,33.0
229,11.633,33.0
230,11.667,34.0
231,11.7,33.0
232,11.733,33.0
233,11.767,34.0
234,11.8,33.0
235,11.833,33.0
236,11.867,34.0
237,11.9,33.0
238,11.933,33.0
239,11.967,34.0
240,12.0,33.0
241,12.033,33.0
242,12.067,34.0
243,12.1,33.0
244,12.133,33.0
245,12.167,34.0
246,12.2,33.0
247,12.233,33.0
248,12.267,34.0
249,12.3,33.0
250,12.333,33.0
251,12.367,34.0
252,12.4,33.0
253,12.433,33.0
254,12.467,34.0
255,12.5,33.0
256,12.533,33.0
257,12.567,34.0
258,12.6,33.0
259,12.633,33.0
260,12.667,34.0
261,12.7,33.0
262,12.733,33.0
263,12.767,34.0
264,12.8,33.0
265,12.833,33.0
266,12.867,34.0
267,12.9,33.0
268,12.933,33.0
269,12.967,34.0
270,13.0,33.0
271,13.033,33.0
272,13.067,34.0
273,13.1,33.0
274,13.133,33.0
275,13.167,34.0
276,13.2,33.0
277,13.233,33.0
278,13.267,34.0
279,13.3,33.0
280,13.333,33.0
281,13.367,34.0
282,13.4,33.0
283,13.433,33.0
284,13.467,34.0
285,13.5,33.0
286,13.533,33.0
287,13.567,34.0
288,13.6,33.0
289,13.633,33.0
290,13.667,34.0
291,13.7,33.0
292,13.733,33.0
293,13.767,34.0
294,13.8,33.0
295,13.833,33.0
296,13.867,34.0
297,13.9,33.0
298,13.933,33.0
299,14.033,100.0
300,14.1,67.0
301,14.167,67.0
302,14.233,66.0
303,14.3,67.0
304,14.367,67.0
305,14.433,66.0
306,14.5,67.0
307,14.567,67.0
308,14.633,66.0
309,14.7,67.0
310,14.767,67.0
311,14.833,66.0
312,14.9,67.0
313,14.967,67.0
314,15.033,66.0
315,15.1,67.0
316,15.167,67.0
317,15.3,133.0
318,15.367,67.0
319,15.433,66.0
320,15.5,67.0
321,15.567,67.0
322,15.633,66.0
323,15.7,67.0
324,15.767,67.0
325,15.833,66.0
326,15.9,67.0
327,15.967,67.0
328,16.033,66.0
329,16.167,134.0
330,16.233,66.0
331,16.3,67.0
332,16.367,67.0
333,16.433,66.0
334,16.5,67.0
335,16.567,67.0
336,16.633,66.0
337,16.7,67.0
338,16.767,67.0
339,16.833,66.0
340,16.9,67.0
341,17.033,133.0
342,17.1,67.0
343,17.167,67.0
344,17.233,66.0
345,17.3,67.0
346,17.367,67.0
347,17.433,66.0
348,17.5,67.0
349,17.567,67.0
350,17.633,66.0
351,17.7,67.0
352,17.767,67.0
353,17.9,133.0
354,17.967,67.0
355,18.033,66.0
356,18.1,67.0
357,18.167,67.0
358,18.233,66.0
359,18.3,67.0
360,18.367,67.0
361,18.433,66.0
362,18.5,67.0
363,18.567,67.0
364,18.633,66.0
365,18.767,134.0
366,18.833,66.0
367,18.9,67.0
368,18.967,67.0
369,19.033,66.0
370,19.1,67.0
371,19.167,67.0
372,19.233,66.0
373,19.3,67.0
374,19.367,67.0
375,19.433,66.0
376,19.5,67.0
377,19.633,133.0
378,19.7,67.0
379,19.767,67.0
380,19.833,66.0
381,19.9,67.0
382,19.967,67.0
383,20.033,66.0
384,20.1,67.0
385,20.167,67.0
386,20.233,66.0
387,20.3,67.0
388,20.367,67.0
389,20.5,133.0
390,20.533,33.0
391,20.567,34.0
392,20.6,33.0
393,20.633,33.0
394,20.667,34.0
395,20.7,33.0
396,20.733,33.0
397,20.767,34.0
398,20.8,33.0
399,20.833,33.0
400,20.867,34.0
401,20.9,33.0
402,20.933,33.0
403,20.967,34.0
404,21.0,33.0
405,21.033,33.0
406,21.067,34.0
407,21.1,33.0
408,21.133,33.0
409,21.167,34.0
410,21.2,33.0
411,21.233,33.0
412,21.267,34.0
413,21.3,33.0
414,21.333,33.0
415,21.367,34.0
416,21.4,33.0
417,21.433,33.0
418,21.467,34.0
419,21.5,33.0
420,21.533,33.0
421,21.567,34.0
422,21.6,33.0
423,21.633,33.0
424,21.667,34.0
425,21.7,33.0
426,21.733,33.0
427,21.767,34.0
428,21.8,33.0
429,21.833,33.0
430,21.867,34.0
431,21.9,33.0
432,21.933,33.0
433,21.967,34.0
434,22.0,33.0
435,22.033,33.0
436,22.067,34.0
437,22.1,33.0
438,22.133,33.0
439,22.167,34.0
440,22.2,33.0
441,22.233,33.0
442,22.267,34.0
443,22.3,33.0
444,22.333,33.0
445,22.367,34.0
446,22.4,33.0
447,22.433,33.0
448,22.467,34.0
449,22.5,33.0
450,22.533,33.0
451,22.567,34.0
452,22.6,33.0
453,22.633,33.0
454,22.667,34.0
455,22.7,33.0
456,22.733,33.0
457,22.767,34.0
458,22.8,33.0
459,22.833,33.0
460,22.867,34.0
461,22.9,33.0
462,22.933,33.0
463,22.967,34.0
464,23.0,33.0
465,23.033,33.0
466,23.067,34.0
467,23.1,33.0
468,23.133,33.0
469,23.167,34.0
470,23.2,33.0
471,23.233,33.0
472,23.267,34.0
473,23.3,33.0
474,23.333,33.0
475,23.367,34.0
476,23.4,33.0
477,23.433,33.0
478,23.467,34.0
479,23.5,33.0
480,23.533,33.0
481,23.567,34.0
482,23.6,33.0
483,23.633,33.0
484,23.667,34.0
485,23.7,33.0
486,23.733,33.0
487,23.767,34.0
488,23.8,33.0
489,23.833,33.0
490,23.867,34.0
491,23.9,33.0
492,23.933,33.0
493,23.967,34.0
494,24.0,33.0
495,24.033,33.0
496,24.067,34.0
497,24.1,33.0
498,24.133,33.0
499,24.167,34.0
500,24.2,33.0
501,24.233,33.0
502,24.267,34.0
503,24.3,33.0
504,24.333,33.0
505,24.367,34.0
506,24.4,33.0
507,24.433,33.0
508,24.467,34.0
509,24.5,33.0
510,24.533,33.0
511,24.567,34.0
512,24.6,33.0
513,24.633,33.0
514,24.667,34.0
515,24.7,33.0
516,24.733,33.0
517,24.767,34.0
518,24.8,33.0
519,24.833,33.0
520,24.867,34.0
521,24.9,33.0
522,24.933,33.0
523,24.967,34.0
524,25.0,33.0
525,25.033,33.0
526,25.067,34.0
527,25.1,33.0
528,25.133,33.0
529,25.167,34.0
530,25.2,33.0
531,25.233,33.0
532,25.267,34.0
533,25.3,33.0
534,25.333,33.0
535,25.367,34.0
536,25.4,33.0
537,25.433,33.0
538,25.467,34.0
539,25.5,33.0
540,25.533,33.0
541,25.567,34.0
542,25.6,33.0
543,25.633,33.0
544,25.667,34.0
545,25.7,33.0
546,25.733,33.0
547,25.767,34.0
548,25.8,33.0
549,25.833,33.0
550,25.867,34.0
551,25.9,33.0
552,25.933,33.0
553,25.967,34.0
554,26.0,33.0
555,26.033,33.0
556,26.067,34.0
557,26.1,33.0
558,26.133,33.0
559,26.167,34.0
560,26.2,33.0
561,26.233,33.0
562,26.267,34.0
563,26.3,33.0
564,26.333,33.0
565,26.367,34.0
566,26.4,33.0
567,26.433,33.0
568,26.467,34.0
569,26.5,33.0
570,26.533,33.0
571,26.567,34.0
572,26.6,33.0
573,26.633,33.0
574,26.667,34.0
575,26.7,33.0
576,26.733,33.0
577,26.767,34.0
578,26.8,33.0
579,26.833,33.0
580,26.867,34.0
581,26.9,33.0
582,26.933,33.0
583,26.967,34.0
584,27.0,33.0
585,27.033,33.0
586,27.067,34.0
587,27.1,33.0
588,27.133,33.0
589,27.167,34.0
590,27.2,33.0
591,27.233,33.0
592,27.267,34.0
593,27.3,33.0
594,27.333,33.0
595,27.4,67.0
596,27.433,33.0
597,27.467,34.0
598,27.5,33.0
599,27.533,33.0
600,27.567,34.0
601,27.633,66.0
602,27.667,34.0
603,27.7,33.0
604,27.733,33.0
605,27.767,34.0
606,27.8,33.0
607,27.867,67.0
608,27.9,33.0
609,27.933,33.0
610,27.967,34.0
611,28.0,33.0
612,28.033,33.0
613,28.067,34.0
614,28.1,33.0
615,28.133,33.0
616,28.167,34.0
617,28.233,66.0
618,28.267,34.0
619,28.3,33.0
620,28.333,33.0
621,28.367,34.0
622,28.4,33.0
623,28.433,33.0
624,28.467,34.0
625,28.5,33.0
626,28.533,33.0
627,28.567,34.0
628,28.6,33.0
629,28.633,33.0
630,28.667,34.0
631,28.7,33.0
632,28.733,33.0
633,28.767,34.0
634,28.8,33.0
635,28.833,33.0
636,28.867,34.0
637,28.9,33.0
638,28.933,33.0
639,28.967,34.0
640,29.0,33.0
641,29.033,33.0
642,29.067,34.0
643,29.1,33.0
644,29.133,33.0
645,29.167,34.0
646,29.2,33.0
647,29.233,33.0
648,29.267,34.0
649,29.3,33.0
650,29.333,33.0
651,29.367,34.0
652,29.4,33.0
653,29.433,33.0
654,29.467,34.0
655,29.5,33.0
656,29.533,33.0
657,29.567,34.0
658,29.6,33.0
659,29.633,33.0
660,29.667,34.0
661,29.7,33.0
662,29.733,33.0
663,29.767,34.0
664,29.8,33.0
665,29.833,33.0
666,29.867,34.0
667,29.9,33.0
668,29.933,33.0
669,29.967,34.0
670,30.0,33.0
671,30.033,33.0
672,30.067,34.0
673,30.1,33.0
674,30.133,33.0
675,30.167,34.0
676,30.2,33.0
677,30.233,33.0
678,30.267,34.0
679,30.3,33.0
680,30.333,33.0
681,30.367,34.0
682,30.4,33.0
683,30.433,33.0
684,30.467,34.0
685,30.5,33.0
686,30.533,33.0
687,30.567,34.0
688,30.6,33.0
689,30.633,33.0
690,30.667,34.0
691,30.7,33.0
692,30.733,33.0
693,30.767,34.0
694,30.8,33.0
695,30.833,33.0
696,30.867,34.0
697,30.9,33.0
698,30.933,33.0
699,30.967,34.0
700,31.0,33.0
701,31.033,33.0
702,31.067,34.0
703,31.1,33.0
704,31.133,33.0
705,31.167,34.0
706,31.2,33.0
707,31.233,33.0
708,31.267,34.0
709,31.3,33.0
710,31.333,33.0
711,31.367,34.0
712,31.4,33.0
713,31.433,33.0
714,31.467,34.0
715,31.5,33.0
716,31.533,33.0
717,31.567,34.0
718,31.6,33.0
719,31.633,33.0
720,31.667,34.0
721,31.7,33.0
722,31.733,33.0
723,31.767,34.0
724,31.8,33.0
725,31.833,33.0
726,31.867,34.0
727,31.9,33.0
728,31.933,33.0
729,31.967,34.0
730,32.0,33.0
731,32.033,33.0
732,32.1,67.0
733,32.133,33.0
734,32.167,34.0
735,32.2,33.0
736,32.233,33.0
737,32.267,34.0
738,32.3,33.0
739,32.333,33.0
740,32.367,34.0
741,32.4,33.0
742,32.433,33.0
743,32.467,34.0
744,32.5,33.0
745,32.7,200.0
746,32.767,67.0
747,32.833,66.0
748,32.9,67.0
749,32.967,67.0
750,33.033,66.0
751,33.1,67.0
752,33.167,67.0
753,33.233,66.0
754,33.3,67.0
755,33.367,67.0
756,33.433,66.0
757,33.5,67.0
758,33.567,67.0
759,33.633,66.0
760,33.7,67.0
761,33.767,67.0
762,33.833,66.0
763,33.9,67.0
764,33.967,67.0
765,34.033,66.0
766,34.1,67.0
767,34.167,67.0
768,34.233,66.0
769,34.433,200.0
770,34.5,67.0
771,34.567,67.0
772,34.633,66.0
773,34.7,67.0
774,34.767,67.0
775,34.967,200.0
776,35.033,66.0
777,35.1,67.0
778,35.167,67.0
779,35.233,66.0
780,35.3,67.0
781,35.367,67.0
782,35.433,66.0
783,35.5,67.0
784,35.567,67.0
785,35.633,66.0
786,35.7,67.0
787,35.767,67.0
788,35.833,66.0
789,35.9,67.0
790,35.967,67.0
791,36.033,66.0
792,36.1,67.0
793,36.167,67.0
794,36.367,200.0
795,36.433,66.0
796,36.5,67.0
797,36.567,67.0
798,36.633,66.0
799,36.7,67.0
800,36.9,200.0
801,36.967,67.0
802,37.033,66.0
803,37.1,67.0
804,37.167,67.0
805,37.233,66.0
806,37.3,67.0
807,37.367,67.0
808,37.433,66.0
809,37.5,67.0
810,37.567,67.0
811,37.767,200.0
812,37.8,33.0
813,37.833,33.0
814,37.867,34.0
815,37.9,33.0
816,37.933,33.0
817,37.967,34.0
818,38.033,66.0
819,38.067,34.0
820,38.1,33.0
821,38.133,33.0
822,38.167,34.0
823,38.2,33.0
824,38.267,67.0
825,38.3,33.0
826,38.333,33.0
827,38.367,34.0
828,38.4,33.0
829,38.433,33.0
830,38.467,34.0
831,38.5,33.0
832,38.533,33.0
833,38.567,34.0
834,38.6,33.0
835,38.633,33.0
836,38.667,34.0
837,38.7,33.0
838,38.767,67.0
839,38.8,33.0
840,38.833,33.0
841,38.867,34.0
842,38.9,33.0
843,38.933,33.0
844,38.967,34.0
845,39.0,33.0
846,39.033,33.0
847,39.067,34.0
848,39.1,33.0
849,39.133,33.0
850,39.167,34.0
851,39.2,33.0
852,39.233,33.0
853,39.267,34.0
854,39.333,66.0
855,39.367,34.0
856,39.4,33.0
857,39.433,33.0
858,39.467,34.0
859,39.5,33.0
860,39.533,33.0
861,39.567,34.0
862,39.6,33.0
863,39.633,33.0
864,39.667,34.0
865,39.7,33.0
866,39.733,33.0
867,39.767,34.0
868,39.8,33.0
869,39.833,33.0
870,39.867,34.0
871,39.9,33.0
872,39.967,67.0
873,40.0,33.0
874,40.033,33.0
875,40.067,34.0
876,40.1,33.0
877,40.133,33.0
878,40.167,34.0
879,40.2,33.0
880,40.233,33.0
881,40.267,34.0
882,40.3,33.0
883,40.333,33.0
884,40.367,34.0
885,40.4,33.0
886,40.467,67.0
887,40.5,33.0
888,40.533,33.0
889,40.567,34.0
890,40.6,33.0
891,40.633,33.0
892,40.667,34.0
893,40.7,33.0
894,40.733,33.0
895,40.767,34.0
896,40.8,33.0
897,40.833,33.0
898,40.867,34.0
899,40.9,33.0
900,40.933,33.0
901,40.967,34.0
902,41.0,33.0
903,41.033,33.0
904,41.067,34.0
905,41.1,33.0
906,41.133,33.0
907,41.2,67.0
908,41.233,33.0
909,41.267,34.0
910,41.3,33.0
911,41.333,33.0
912,41.367,34.0
913,41.4,33.0
914,41.433,33.0
915,41.467,34.0
916,41.5,33.0
917,41.533,33.0
918,41.567,34.0
919,41.6,33.0
920,41.633,33.0
921,41.667,34.0
922,41.7,33.0
923,41.767,67.0
924,41.8,33.0
925,41.833,33.0
926,41.867,34.0
927,41.9,33.0
928,41.933,33.0
929,41.967,34.0
930,42.0,33.0
931,42.033,33.0
932,42.067,34.0
933,42.1,33.0
934,42.167,67.0
935,42.2,33.0
936,42.233,33.0
937,42.267,34.0
938,42.3,33.0
939,42.333,33.0
940,42.367,34.0
941,42.4,33.0
942,42.433,33.0
943,42.467,34.0
944,42.5,33.0
945,42.533,33.0
946,42.567,34.0
947,42.6,33.0
948,42.633,33.0
949,42.667,34.0
950,42.7,33.0
951,42.733,33.0
952,42.767,34.0
953,42.8,33.0
954,42.833,33.0
955,42.867,34.0
956,42.9,33.0
957,42.933,33.0
958,42.967,34.0
959,43.0,33.0
960,43.033,33.0
961,43.067,34.0
962,43.1,33.0
963,43.133,33.0
964,43.167,34.0
965,43.2,33.0
966,43.233,33.0
967,43.267,34.0
968,43.3,33.0
969,43.333,33.0
970,43.367,34.0
971,43.4,33.0
972,43.433,33.0
973,43.467,34.0
974,43.5,33.0
975,43.533,33.0
976,43.567,34.0
977,43.6,33.0
978,43.633,33.0
979,43.667,34.0
980,43.7,33.0
981,43.733,33.0
982,43.767,34.0
983,43.8,33.0
984,43.833,33.0
985,43.867,34.0
986,43.9,33.0
987,43.933,33.0
988,43.967,34.0
989,44.0,33.0
990,44.033,33.0
991,44.067,34.0
992,44.1,33.0
993,44.133,33.0
994,44.167,34.0
995,44.2,33.0
996,44.233,33.0
997,44.267,34.0
998,44.3,33.0
999,44.333,33.0
1000,44.367,34.0
1001,44.4,33.0
1002,44.433,33.0
1003,44.467,34.0
1004,44.5,33.0
1005,44.533,33.0
1006,44.567,34.0
1007,44.6,33.0
1008,44.633,33.0
1009,44.667,34.0
1010,44.7,33.0
1011,44.733,33.0
1012,44.767,34.0
1013,44.8,33.0
1014,44.833,33.0
1015,44.867,34.0
1016,44.9,33.0
1017,44.933,33.0
1018,44.967,34.0
1019,45.0,33.0
1020,45.033,33.0
1021,45.067,34.0
1022,45.1,33.0
1023,45.133,33.0
1024,45.167,34.0
1025,45.2,33.0
1026,45.233,33.0
1027,45.267,34.0
1028,45.3,33.0
1029,45.333,33.0
1030,45.367,34.0
1031,45.4,33.0
1032,45.433,33.0
1033,45.533,100.0
1034,45.6,67.0
1035,45.667,67.0
1036,45.733,66.0
1037,45.8,67.0
1038,45.867,67.0
1039,45.933,66.0
1040,46.0,67.0
1041,46.067,67.0
1042,46.133,66.0
1043,46.2,67.0
1044,46.267,67.0
1045,46.333,66.0
1046,46.4,67.0
1047,46.467,67.0
1048,46.533,66.0
1049,46.6,67.0
1050,46.667,67.0
1051,46.733,66.0
1052,46.8,67.0
1053,46.867,67.0
1054,47.0,133.0
1055,47.067,67.0
1056,47.133,66.0
1057,47.2,67.0
1058,47.267,67.0
1059,47.333,66.0
1060,47.4,67.0
1061,47.533,133.0
1062,47.6,67.0
1063,47.667,67.0
1064,47.7,33.0
1065,47.733,33.0
1066,47.767,34.0
1067,47.8,33.0
1068,47.833,33.0
1069,47.9,67.0
1070,47.933,33.0
1071,47.967,34.0
1072,48.0,33.0
1073,48.033,33.0
1074,48.067,34.0
1075,48.1,33.0
1076,48.133,33.0
1077,48.167,34.0
1078,48.2,33.0
1079,48.233,33.0
1080,48.267,34.0
1081,48.3,33.0
1082,48.333,33.0
1083,48.367,34.0
1084,48.4,33.0
1085,48.433,33.0
1086,48.467,34.0
1087,48.5,33.0
1088,48.533,33.0
1089,48.567,34.0
1090,48.633,66.0
1091,48.667,34.0
1092,48.7,33.0
1093,48.733,33.0
1094,48.767,34.0
1095,48.8,33.0
1096,48.833,33.0
1097,48.867,34.0
1098,48.9,33.0
1099,48.933,33.0
1100,48.967,34.0
1101,49.0,33.0
1102,49.033,33.0
1103,49.067,34.0
1104,49.1,33.0
1105,49.133,33.0
1106,49.2,67.0
1107,49.233,33.0
1108,49.267,34.0
1109,49.3,33.0
1110,49.333,33.0
1111,49.367,34.0
1112,49.4,33.0
1113,49.433,33.0
1114,49.467,34.0
1115,49.5,33.0
1116,49.533,33.0
1117,49.567,34.0
1118,49.6,33.0
1119,49.633,33.0
1120,49.667,34.0
1121,49.7,33.0
1122,49.733,33.0
1123,49.767,34.0
1124,49.833,66.0
1125,49.867,34.0
1126,49.9,33.0
1127,49.933,33.0
1128,49.967,34.0
1129,50.0,33.0
1130,50.033,33.0
1131,50.067,34.0
1132,50.1,33.0
1133,50.133,33.0
1134,50.167,34.0
1135,50.2,33.0
1136,50.233,33.0
1137,50.267,34.0
1138,50.3,33.0
1139,50.333,33.0
1140,50.367,34.0
1141,50.4,33.0
1142,50.433,33.0
1143,50.467,34.0
1144,50.5,33.0
1145,50.533,33.0
1146,50.567,34.0
1147,50.6,33.0
1148,50.633,33.0
1149,50.667,34.0
1150,50.7,33.0
1151,50.733,33.0
1152,50.767,34.0
1153,50.8,33.0
1154,50.833,33.0
1155,50.867,34.0
1156,50.9,33.0
1157,50.933,33.0
1158,50.967,34.0
1159,51.0,33.0
1160,51.033,33.0
1161,51.067,34.0
1162,51.1,33.0
1163,51.133,33.0
1164,51.167,34.0
1165,51.2,33.0
1166,51.233,33.0
1167,51.267,34.0
1168,51.3,33.0
1169,51.333,33.0
1170,51.367,34.0
1171,51.4,33.0
1172,51.433,33.0
1173,51.467,34.0
1174,51.5,33.0
1175,51.533,33.0
1176,51.567,34.0
1177,51.6,33.0
1178,51.633,33.0
1179,51.667,34.0
1180,51.7,33.0
1181,51.733,33.0
1182,51.767,34.0
1183,51.8,33.0
1184,51.833,33.0
1185,51.867,34.0
1186,51.9,33.0
1187,51.933,33.0
1188,51.967,34.0
1189,52.0,33.0
1190,52.033,33.0
1191,52.067,34.0
1192,52.1,33.0
1193,52.133,33.0
1194,52.167,34.0
1195,52.2,33.0
1196,52.233,33.0
1197,52.267,34.0
1198,52.3,33.0
1199,52.333,33.0
1200,52.367,34.0
1201,52.4,33.0
1202,52.433,33.0
1203,52.467,34.0
1204,52.5,33.0
1205,52.533,33.0
1206,52.567,34.0
1207,52.6,33.0
1208,52.633,33.0
1209,52.667,34.0
1210,52.7,33.0
1211,52.733,33.0
1212,52.767,34.0
1213,52.8,33.0
1214,52.833,33.0
1215,52.867,34.0
1216,52.9,33.0
1217,52.933,33.0
1218,52.967,34.0
1219,53.0,33.0
1220,53.033,33.0
1221,53.067,34.0
1222,53.1,33.0
1223,53.133,33.0
1224,53.167,34.0
1225,53.2,33.0
1226,53.233,33.0
1227,53.267,34.0
1228,53.333,66.0
1229,53.367,34.0
1230,53.4,33.0
1231,53.433,33.0
1232,53.467,34.0
1233,53.5,33.0
1234,53.533,33.0
1235,53.567,34.0
1236,53.6,33.0
1237,53.633,33.0
1238,53.667,34.0
1239,53.7,33.0
1240,53.733,33.0
1241,53.767,34.0
1242,53.8,33.0
1243,53.833,33.0
1244,53.867,34.0
1245,53.9,33.0
1246,53.933,33.0
1247,53.967,34.0
1248,54.0,33.0
1249,54.067,67.0
1250,54.1,33.0
1251,54.133,33.0
1252,54.167,34.0
1253,54.2,33.0
1254,54.233,33.0
1255,54.267,34.0
1256,54.3,33.0
1257,54.333,33.0
1258,54.367,34.0
1259,54.4,33.0
1260,54.433,33.0
1261,54.467,34.0
1262,54.5,33.0
1263,54.533,33.0
1264,54.567,34.0
1265,54.633,66.0
1266,54.667,34.0
1267,54.7,33.0
1268,54.733,33.0
1269,54.767,34.0
1270,54.8,33.0
1271,54.833,33.0
1272,54.867,34.0
1273,54.9,33.0
1274,54.933,33.0
1275,54.967,34.0
1276,55.0,33.0
1277,55.033,33.0
1278,55.067,34.0
1279,55.1,33.0
1280,55.133,33.0
1281,55.167,34.0
1282,55.2,33.0
1283,55.267,67.0
1284,55.3,33.0
1285,55.333,33.0
1286,55.367,34.0
1287,55.4,33.0
1288,55.433,33.0
1289,55.467,34.0
1290,55.5,33.0
1291,55.533,33.0
1292,55.567,34.0
1293,55.6,33.0
1294,55.633,33.0
1295,55.667,34.0
1296,55.7,33.0
1297,55.767,67.0
1298,55.8,33.0
1299,55.833,33.0
1300,55.867,34.0
1301,55.9,33.0
1302,55.933,33.0
1303,55.967,34.0
1304,56.0,33.0
1305,56.033,33.0
1306,56.067,34.0
1307,56.1,33.0
1308,56.133,33.0
1309,56.167,34.0
1310,56.2,33.0
1311,56.233,33.0
1312,56.267,34.0
1313,56.3,33.0
1314,56.333,33.0
1315,56.367,34.0
1316,56.4,33.0
1317,56.433,33.0
1318,56.5,67.0
1319,56.533,33.0
1320,56.567,34.0
1321,56.6,33.0
1322,56.633,33.0
1323,56.667,34.0
1324,56.7,33.0
1325,56.733,33.0
1326,56.767,34.0
1327,56.8,33.0
1328,56.833,33.0
1329,56.867,34.0
1330,56.9,33.0
1331,56.933,33.0
1332,56.967,34.0
1333,57.0,33.0
1334,57.067,67.0
1335,57.1,33.0
1336,57.133,33.0
1337,57.167,34.0
1338,57.2,33.0
1339,57.233,33.0
1340,57.267,34.0
1341,57.3,33.0
1342,57.333,33.0
1343,57.367,34.0
1344,57.4,33.0
1345,57.467,67.0
1346,57.5,33.0
1347,57.533,33.0
1348,57.567,34.0
1349,57.6,33.0
1350,57.633,33.0
1351,57.667,34.0
1352,57.7,33.0
1353,57.733,33.0
1354,57.767,34.0
1355,57.8,33.0
1356,57.833,33.0
1357,57.867,34.0
1358,57.9,33.0
1359,57.933,33.0
1360,57.967,34.0
1361,58.0,33.0
1362,58.033,33.0
1363,58.067,34.0
1364,58.1,33.0
1365,58.133,33.0
1366,58.2,67.0
1367,58.233,33.0
1368,58.267,34.0
1369,58.3,33.0
1370,58.333,33.0
1371,58.367,34.0
1372,58.4,33.0
1373,58.433,33.0
1374,58.467,34.0
1375,58.5,33.0
1376,58.533,33.0
1377,58.567,34.0
1378,58.6,33.0
1379,58.633,33.0
1380,58.667,34.0
1381,58.7,33.0
1382,58.767,67.0
1383,58.8,33.0
1384,58.833,33.0
1385,58.867,34.0
1386,58.9,33.0
1387,58.933,33.0
1388,58.967,34.0
1389,59.0,33.0
1390,59.033,33.0
1391,59.067,34.0
1392,59.1,33.0
1393,59.133,33.0
1394,59.167,34.0
1395,59.2,33.0
1396,59.233,33.0
1397,59.267,34.0
1398,59.3,33.0
1399,59.333,33.0
1400,59.367,34.0
1401,59.4,33.0
1402,59.433,33.0
1403,59.467,34.0
1404,59.5,33.0
1405,59.533,33.0
1406,59.567,34.0
1407,59.6,33.0
1408,59.633,33.0
1409,59.667,34.0
1410,59.7,33.0
1411,59.733,33.0
1412,59.767,34.0
1413,59.8,33.0
1414,59.833,33.0
1415,59.867,34.0
1416,59.9,33.0
1417,59.933,33.0
1418,59.967,34.0
1419,60.0,33.0
1420,60.033,33.0
1421,60.067,34.0
1422,60.1,33.0
1423,60.133,33.0
1424,60.167,34.0
1425,60.2,33.0
1426,60.233,33.0
1427,60.267,34.0
1428,60.3,33.0
1429,60.333,33.0
1430,60.367,34.0
1431,60.4,33.0
1432,60.433,33.0
1433,60.467,34.0
1434,60.5,33.0
1435,60.533,33.0
1436,60.567,34.0
1437,60.6,33.0
1438,60.633,33.0
1439,60.667,34.0
1440,60.7,33.0
1441,60.733,33.0
1442,60.767,34.0
1443,60.8,33.0
1444,60.833,33.0
1445,60.867,34.0
1446,60.9,33.0
1447,60.933,33.0
1448,60.967,34.0
1449,61.0,33.0
1450,61.033,33.0
1451,61.067,34.0
1452,61.1,33.0
1453,61.133,33.0
1454,61.167,34.0
1455,61.2,33.0
1456,61.233,33.0
1457,61.267,34.0
1458,61.3,33.0
1459,61.333,33.0
1460,61.367,34.0
1461,61.4,33.0
1462,61.433,33.0
1463,61.467,34.0
1464,61.5,33.0
1465,61.533,33.0
1466,61.567,34.0
1467,61.6,33.0
1468,61.633,33.0
1469,61.667,34.0
1470,61.7,33.0
1471,61.733,33.0
1472,61.767,34.0
1473,61.8,33.0
1474,61.833,33.0
1475,61.867,34.0
1476,61.9,33.0
1477,61.933,33.0
1478,61.967,34.0
1479,62.0,33.0
1480,62.033,33.0
1481,62.067,34.0
1482,62.1,33.0
1483,62.133,33.0
1484,62.167,34.0
1485,62.2,33.0
1486,62.233,33.0
1487,62.267,34.0
1488,62.3,33.0
1489,62.333,33.0
1490,62.367,34.0
1491,62.4,33.0
1492,62.433,33.0
1493,62.467,34.0
1494,62.5,33.0
1495,62.533,33.0
1496,62.567,34.0
1497,62.6,33.0
1498,62.633,33.0
1499,62.667,34.0
1500,62.7,33.0
1501,62.733,33.0
1502,62.767,34.0
1503,62.8,33.0
1504,62.833,33.0
1505,62.867,34.0
1506,62.9,33.0
1507,62.933,33.0
1508,62.967,34.0
1509,63.0,33.0
1510,63.033,33.0
1511,63.067,34.0
1512,63.1,33.0
1513,63.133,33.0
1514,63.167,34.0
1515,63.2,33.0
1516,63.233,33.0
1517,63.267,34.0
1518,63.3,33.0
1519,63.333,33.0
1520,63.367,34.0
1521,63.4,33.0
1522,63.433,33.0
1523,63.467,34.0
1524,63.5,33.0
1525,63.533,33.0
1526,63.567,34.0
1527,63.6,33.0
1528,63.633,33.0
1529,63.667,34.0
1530,63.7,33.0
1531,63.733,33.0
1532,63.767,34.0
1533,63.8,33.0
1534,63.833,33.0
1535,63.867,34.0
1536,63.9,33.0
1537,63.933,33.0
1538,63.967,34.0
1539,64.0,33.0
1540,64.033,33.0
1541,64.067,34.0
1542,64.1,33.0
1543,64.133,33.0
1544,64.167,34.0
1545,64.2,33.0
1546,64.233,33.0
1547,64.267,34.0
1548,64.3,33.0
1549,64.333,33.0
1550,64.367,34.0
1551,64.4,33.0
1552,64.433,33.0
1553,64.467,34.0
1554,64.5,33.0
1555,64.533,33.0
1556,64.567,34.0
1557,64.6,33.0
1558,64.633,33.0
1559,64.667,34.0
1560,64.7,33.0
1561,64.733,33.0
1562,64.767,34.0
1563,64.8,33.0
1564,64.833,33.0
1565,64.867,34.0
1566,64.9,33.0
1567,64.933,33.0
1568,64.967,34.0
1569,65.0,33.0
1570,65.033,33.0
1571,65.067,34.0
1572,65.1,33.0
1573,65.133,33.0
1574,65.167,34.0
1575,65.2,33.0
1576,65.233,33.0
1577,65.267,34.0
1578,65.3,33.0
1579,65.333,33.0
1580,65.367,34.0
1581,65.4,33.0
1582,65.433,33.0
1583,65.467,34.0
1584,65.5,33.0
1585,65.533,33.0
1586,65.567,34.0
1587,65.6,33.0
1588,65.633,33.0
1589,65.667,34.0
1590,65.7,33.0
1591,65.733,33.0
1592,65.767,34.0
1593,65.8,33.0
1594,65.833,33.0
1595,65.867,34.0
1596,65.9,33.0
1597,65.933,33.0
1598,65.967,34.0
1599,66.0,33.0
1600,66.033,33.0
1601,66.067,34.0
1602,66.1,33.0
1603,66.133,33.0
1604,66.167,34.0
1605,66.2,33.0
1606,66.233,33.0
1607,66.267,34.0
1608,66.3,33.0
1609,66.333,33.0
1610,66.367,34.0
1611,66.4,33.0
1612,66.433,33.0
1613,66.467,34.0
1614,66.5,33.0
1615,66.533,33.0
1616,66.567,34.0
1617,66.6,33.0
1618,66.633,33.0
1619,66.667,34.0
1620,66.7,33.0
1621,66.733,33.0
1622,66.767,34.0
1623,66.8,33.0
1624,66.833,33.0
1625,66.867,34.0
1626,66.9,33.0
1627,66.933,33.0
1628,66.967,34.0
1629,67.0,33.0
1630,67.033,33.0
1631,67.067,34.0
1632,67.1,33.0
1633,67.133,33.0
1634,67.167,34.0
1635,67.2,33.0
1636,67.233,33.0
1637,67.267,34.0
1638,67.3,33.0
1639,67.333,33.0
1640,67.367,34.0
1641,67.4,33.0
1642,67.433,33.0
1643,67.467,34.0
1644,67.5,33.0
1645,67.533,33.0
1646,67.567,34.0
1647,67.6,33.0
1648,67.633,33.0
1649,67.667,34.0
1650,67.7,33.0
1651,67.733,33.0
1652,67.767,34.0
1653,67.8,33.0
1654,67.833,33.0
1655,67.867,34.0
1656,67.9,33.0
1657,67.933,33.0
1658,67.967,34.0
1659,68.0,33.0
1660,68.033,33.0
1661,68.067,34.0
1662,68.1,33.0
1663,68.133,33.0
1664,68.167,34.0
1665,68.2,33.0
1666,68.233,33.0
1667,68.267,34.0
1668,68.3,33.0
1669,68.333,33.0
1670,68.367,34.0
1671,68.4,33.0
1672,68.433,33.0
1673,68.467,34.0
1674,68.5,33.0
1675,68.533,33.0
1676,68.567,34.0
1677,68.6,33.0
1678,68.633,33.0
1679,68.667,34.0
1680,68.7,33.0
1681,68.733,33.0
1682,68.767,34.0
1683,68.8,33.0
1684,68.833,33.0
1685,68.867,34.0
1686,68.9,33.0
1687,68.933,33.0
1688,68.967,34.0
1689,69.0,33.0
1690,69.033,33.0
1691,69.067,34.0
1692,69.1,33.0
1693,69.133,33.0
1694,69.167,34.0
1695,69.2,33.0
1696,69.233,33.0
1697,69.267,34.0
1698,69.3,33.0
1699,69.333,33.0
1700,69.367,34.0
1701,69.4,33.0
1702,69.433,33.0
1703,69.467,34.0
1704,69.5,33.0
1705,69.533,33.0
1706,69.567,34.0
1707,69.6,33.0
1708,69.633,33.0
1709,69.667,34.0
1710,69.7,33.0
1711,69.733,33.0
1712,69.767,34.0
1713,69.8,33.0
1714,69.833,33.0
1715,69.867,34.0
1716,69.9,33.0
1717,69.933,33.0
1718,69.967,34.0
1719,70.0,33.0
1720,70.033,33.0
1721,70.067,34.0
1722,70.1,33.0
1723,70.133,33.0
1724,70.167,34.0
1725,70.2,33.0
1726,70.233,33.0
1727,70.267,34.0
1728,70.3,33.0
1729,70.333,33.0
1730,70.367,34.0
1731,70.4,33.0
1732,70.433,33.0
1733,70.467,34.0
1734,70.5,33.0
1735,70.533,33.0
1736,70.567,34.0
1737,70.6,33.0
1738,70.633,33.0
1739,70.667,34.0
1740,70.7,33.0
1741,70.733,33.0
1742,70.767,34.0
1743,70.8,33.0
1744,70.833,33.0
1745,70.867,34.0
1746,70.9,33.0
1747,70.933,33.0
1748,70.967,34.0
1749,71.0,33.0
1750,71.033,33.0
1751,71.067,34.0
1752,71.1,33.0
1753,71.167,67.0
1754,71.233,66.0
1755,71.3,67.0
1756,71.367,67.0
1757,71.433,66.0
1758,71.5,67.0
1759,71.567,67.0
1760,71.633,66.0
1761,71.7,67.0
1762,71.833,133.0
1763,71.9,67.0
1764,71.967,67.0
1765,72.033,66.0
1766,72.1,67.0
1767,72.167,67.0
1768,72.233,66.0
1769,72.3,67.0
1770,72.367,67.0
1771,72.433,66.0
1772,72.5,67.0
1773,72.567,67.0
1774,72.633,66.0
1775,72.7,67.0
1776,72.767,67.0
1777,72.833,66.0
1778,72.9,67.0
1779,72.967,67.0
1780,73.033,66.0
1781,73.1,67.0
1782,73.167,67.0
1783,73.233,66.0
1784,73.3,67.0
1785,73.367,67.0
1786,73.433,66.0
1787,73.567,134.0
1788,73.633,66.0
1789,73.7,67.0
1790,73.767,67.0
1791,73.833,66.0
1792,73.9,67.0
1793,73.967,67.0
1794,74.033,66.0
1795,74.1,67.0
1796,74.133,33.0
1797,74.167,34.0
1798,74.2,33.0
1799,74.233,33.0
1800,74.267,34.0
1801,74.3,33.0
1802,74.333,33.0
1803,74.367,34.0
1804,74.4,33.0
1805,74.433,33.0
1806,74.467,34.0
1807,74.5,33.0
1808,74.533,33.0
1809,74.567,34.0
1810,74.6,33.0
1811,74.633,33.0
1812,74.667,34.0
1813,74.7,33.0
1814,74.733,33.0
1815,74.767,34.0
1816,74.8,33.0
1817,74.833,33.0
1818,74.867,34.0
1819,74.9,33.0
1820,74.933,33.0
1821,74.967,34.0
1822,75.0,33.0
1823,75.033,33.0
1824,75.067,34.0
1825,75.1,33.0
1826,75.133,33.0
1827,75.167,34.0
1828,75.2,33.0
1829,75.233,33.0
1830,75.267,34.0
1831,75.3,33.0
1832,75.333,33.0
1833,75.367,34.0
1834,75.4,33.0
1835,75.433,33.0
1836,75.467,34.0
1837,75.5,33.0
1838,75.533,33.0
1839,75.567,34.0
1840,75.6,33.0
1841,75.633,33.0
1842,75.667,34.0
1843,75.7,33.0
1844,75.733,33.0
1845,75.767,34.0
1846,75.8,33.0
1847,75.833,33.0
1848,75.867,34.0
1849,75.9,33.0
1850,75.933,33.0
1851,75.967,34.0
1852,76.0,33.0
1853,76.033,33.0
1854,76.067,34.0
1855,76.1,33.0
1856,76.133,33.0
1857,76.167,34.0
1858,76.2,33.0
1859,76.233,33.0
1860,76.267,34.0
1861,76.3,33.0
1862,76.333,33.0
1863,76.367,34.0
1864,76.4,33.0
1865,76.433,33.0
1866,76.467,34.0
1867,76.5,33.0
1868,76.533,33.0
1869,76.567,34.0
1870,76.6,33.0
1871,76.633,33.0
1872,76.667,34.0
1873,76.7,33.0
1874,76.733,33.0
1875,76.767,34.0
1876,76.8,33.0
1877,76.833,33.0
1878,76.867,34.0
1879,76.9,33.0
1880,76.933,33.0
1881,76.967,34.0
1882,77.0,33.0
1883,77.033,33.0
1884,77.067,34.0
1885,77.1,33.0
1886,77.133,33.0
1887,77.167,34.0
1888,77.2,33.0
1889,77.233,33.0
1890,77.267,34.0
1891,77.3,33.0
1892,77.333,33.0
1893,77.367,34.0
1894,77.4,33.0
1895,77.433,33.0
1896,77.467,34.0
1897,77.5,33.0
1898,77.533,33.0
1899,77.567,34.0
1900,77.6,33.0
1901,77.633,33.0
1902,77.667,34.0
1903,77.7,33.0
1904,77.733,33.0
1905,77.767,34.0
1906,77.8,33.0
1907,77.833,33.0
1908,77.867,34.0
1909,77.9,33.0
1910,77.933,33.0
1911,77.967,34.0
1912,78.0,33.0
1913,78.033,33.0
1914,78.067,34.0
1915,78.1,33.0
1916,78.133,33.0
1917,78.167,34.0
1918,78.2,33.0
1919,78.233,33.0
1920,78.267,34.0
1921,78.3,33.0
1922,78.333,33.0
1923,78.367,34.0
1924,78.4,33.0
1925,78.433,33.0
1926,78.467,34.0
1927,78.5,33.0
1928,78.533,33.0
1929,78.567,34.0
1930,78.6,33.0
1931,78.633,33.0
1932,78.667,34.0
1933,78.7,33.0
1934,78.733,33.0
1935,78.767,34.0
1936,78.8,33.0
1937,78.833,33.0
1938,78.867,34.0
1939,78.9,33.0
1940,78.933,33.0
1941,78.967,34.0
1942,79.0,33.0
1943,79.033,33.0
1944,79.067,34.0
1945,79.1,33.0
1946,79.133,33.0
1947,79.167,34.0
1948,79.2,33.0
1949,79.233,33.0
1950,79.267,34.0
1951,79.3,33.0
1952,79.333,33.0
1953,79.367,34.0
1954,79.4,33.0
1955,79.433,33.0
1956,79.467,34.0
1957,79.5,33.0
1958,79.567,67.0
1959,79.633,66.0
1960,79.7,67.0
1961,79.767,67.0
1962,79.833,66.0
1963,79.9,67.0
1964,80.033,133.0
1965,80.1,67.0
1966,80.167,67.0
1967,80.233,66.0
1968,80.3,67.0
1969,80.367,67.0
1970,80.433,66.0
1971,80.5,67.0
1972,80.567,67.0
1973,80.633,66.0
1974,80.7,67.0
1975,80.767,67.0
1976,80.833,66.0
1977,80.9,67.0
1978,80.967,67.0
1979,81.033,66.0
1980,81.167,134.0
1981,81.233,66.0
1982,81.3,67.0
1983,81.367,67.0
1984,81.433,66.0
1985,81.5,67.0
1986,81.567,67.0
1987,81.633,66.0
1988,81.7,67.0
1989,81.767,67.0
1990,81.9,133.0
1991,81.967,67.0
1992,82.033,66.0
1993,82.1,67.0
1994,82.167,67.0
1995,82.233,66.0
1996,82.3,67.0
1997,82.433,133.0
1998,82.5,67.0
1999,82.567,67.0
2000,82.633,66.0
2001,82.7,67.0
2002,82.767,67.0
2003,82.833,66.0
2004,82.9,67.0
2005,82.967,67.0
2006,83.033,66.0
2007,83.1,67.0
2008,83.167,67.0
2009,83.233,66.0
2010,83.3,67.0
2011,83.367,67.0
2012,83.433,66.0
2013,83.5,67.0
2014,83.633,133.0
2015,83.7,67.0
2016,83.767,67.0
2017,83.833,66.0
2018,83.9,67.0
2019,83.967,67.0
2020,84.033,66.0
2021,84.167,134.0
2022,84.233,66.0
2023,84.3,67.0
2024,84.367,67.0
2025,84.433,66.0
2026,84.5,67.0
2027,84.567,67.0
2028,84.633,66.0
2029,84.7,67.0
2030,84.767,67.0
2031,84.833,66.0
2032,84.9,67.0
2033,84.967,67.0
2034,85.033,66.0
2035,85.1,67.0
2036,85.167,67.0
2037,85.233,66.0
2038,85.367,134.0
2039,85.433,66.0
2040,85.5,67.0
2041,85.567,67.0
2042,85.633,66.0
2043,85.7,67.0
2044,85.767,67.0
2045,85.9,133.0
2046,85.967,67.0
2047,86.033,66.0
2048,86.1,67.0
2049,86.167,67.0
2050,86.233,66.0
2051,86.3,67.0
2052,86.367,67.0
2053,86.433,66.0
2054,86.5,67.0
2055,86.567,67.0
2056,86.633,66.0
2057,86.7,67.0
2058,86.767,67.0
2059,86.833,66.0
2060,86.9,67.0
2061,86.967,67.0
2062,87.1,133.0
2063,87.167,67.0
2064,87.233,66.0
2065,87.3,67.0
2066,87.367,67.0
2067,87.433,66.0
2068,87.5,67.0
2069,87.633,133.0
2070,87.7,67.0
2071,87.767,67.0
2072,87.833,66.0
2073,87.9,67.0
2074,87.967,67.0
2075,88.033,66.0
2076,88.1,67.0
2077,88.167,67.0
2078,88.233,66.0
2079,88.3,67.0
2080,88.367,67.0
2081,88.433,66.0
2082,88.5,67.0
2083,88.567,67.0
2084,88.633,66.0
2085,88.7,67.0
2086,88.833,133.0
2087,88.9,67.0
2088,88.967,67.0
2089,89.033,66.0
2090,89.1,67.0
2091,89.167,67.0
2092,89.233,66.0
2093,89.367,134.0
2094,89.433,66.0
2095,89.5,67.0
2096,89.567,67.0
2097,89.633,66.0
2098,89.7,67.0
2099,89.767,67.0
2100,89.833,66.0
2101,89.9,67.0
2102,89.967,67.0
2103,90.033,66.0
2104,90.1,67.0
2105,90.167,67.0
2106,90.233,66.0
2107,90.3,67.0
2108,90.367,67.0
2109,90.433,66.0
2110,90.567,134.0
2111,90.633,66.0
2112,90.7,67.0
2113,90.767,67.0
2114,90.833,66.0
2115,90.9,67.0
2116,90.967,67.0
2117,91.1,133.0
2118,91.167,67.0
2119,91.233,66.0
2120,91.3,67.0
2121,91.367,67.0
2122,91.433,66.0
2123,91.5,67.0
2124,91.567,67.0
2125,91.633,66.0
2126,91.7,67.0
2127,91.767,67.0
2128,91.833,66.0
2129,91.9,67.0
2130,91.967,67.0
2131,92.033,66.0
2132,92.1,67.0
2133,92.167,67.0
2134,92.3,133.0
2135,92.367,67.0
2136,92.433,66.0
2137,92.5,67.0
2138,92.567,67.0
2139,92.633,66.0
2140,92.7,67.0
2141,92.833,133.0
2142,92.9,67.0
2143,92.967,67.0
2144,93.033,66.0
2145,93.1,67.0
2146,93.167,67.0
2147,93.233,66.0
2148,93.3,67.0
2149,93.367,67.0
2150,93.433,66.0
2151,93.5,67.0
2152,93.567,67.0
2153,93.633,66.0
2154,93.7,67.0
2155,93.767,67.0
2156,93.833,66.0
2157,93.9,67.0
2158,94.033,133.0
2159,94.1,67.0
2160,94.167,67.0
2161,94.233,66.0
2162,94.3,67.0
2163,94.367,67.0
2164,94.433,66.0
2165,94.567,134.0
2166,94.633,66.0
2167,94.7,67.0
2168,94.767,67.0
2169,94.833,66.0
2170,94.9,67.0
2171,94.967,67.0
2172,95.033,66.0
2173,95.1,67.0
2174,95.167,67.0
2175,95.233,66.0
2176,95.3,67.0
2177,95.367,67.0
2178,95.433,66.0
2179,95.5,67.0
2180,95.567,67.0
2181,95.633,66.0
2182,95.767,134.0
2183,95.833,66.0
2184,95.9,67.0
2185,95.967,67.0
2186,96.033,66.0
2187,96.1,67.0
2188,96.167,67.0
2189,96.3,133.0
2190,96.367,67.0
2191,96.433,66.0
2192,96.5,67.0
2193,96.567,67.0
2194,96.633,66.0
2195,96.7,67.0
2196,96.767,67.0
2197,96.833,66.0
2198,96.9,67.0
2199,96.967,67.0
2200,97.033,66.0
2201,97.1,67.0
2202,97.167,67.0
2203,97.233,66.0
2204,97.3,67.0
2205,97.367,67.0
2206,97.5,133.0
2207,97.567,67.0
2208,97.633,66.0
2209,97.7,67.0
2210,97.767,67.0
2211,97.833,66.0
2212,97.9,67.0
2213,98.033,133.0
2214,98.1,67.0
2215,98.167,67.0
2216,98.233,66.0
2217,98.3,67.0
2218,98.367,67.0
2219,98.433,66.0
2220,98.5,67.0
2221,98.567,67.0
2222,98.633,66.0
2223,98.7,67.0
2224,98.767,67.0
2225,98.833,66.0
2226,98.9,67.0
2227,98.967,67.0
2228,99.033,66.0
2229,99.167,134.0
2230,99.233,66.0
2231,99.3,67.0
2232,99.367,67.0
2233,99.433,66.0
2234,99.5,67.0
2235,99.567,67.0
2236,99.633,66.0
2237,99.7,67.0
2238,99.767,67.0
2239,99.9,133.0
2240,99.967,67.0
2241,100.033,66.0
2242,100.1,67.0
2243,100.167,67.0
2244,100.233,66.0
2245,100.3,67.0
2246,100.433,133.0
2247,100.5,67.0
2248,100.567,67.0
2249,100.633,66.0
2250,100.7,67.0
2251,100.767,67.0
2252,100.833,66.0
2253,100.9,67.0
2254,100.967,67.0
2255,101.033,66.0
2256,101.1,67.0
2257,101.167,67.0
2258,101.233,66.0
2259,101.3,67.0
2260,101.367,67.0
2261,101.433,66.0
2262,101.5,67.0
2263,101.633,133.0
2264,101.7,67.0
2265,101.767,67.0
2266,101.833,66.0
2267,101.9,67.0
2268,101.967,67.0
2269,102.033,66.0
2270,102.167,134.0
2271,102.233,66.0
2272,102.3,67.0
2273,102.367,67.0
2274,102.433,66.0
2275,102.5,67.0
2276,102.567,67.0
2277,102.633,66.0
2278,102.7,67.0
2279,102.767,67.0
2280,102.833,66.0
2281,102.9,67.0
2282,102.967,67.0
2283,103.033,66.0
2284,103.1,67.0
2285,103.167,67.0
2286,103.233,66.0
2287,103.367,134.0
2288,103.433,66.0
2289,103.5,67.0
2290,103.567,67.0
2291,103.633,66.0
2292,103.7,67.0
2293,103.767,67.0
2294,103.9,133.0
2295,103.967,67.0
2296,104.033,66.0
2297,104.1,67.0
2298,104.167,67.0
2299,104.233,66.0
2300,104.3,67.0
2301,104.367,67.0
2302,104.433,66.0
2303,104.5,67.0
2304,104.567,67.0
2305,104.633,66.0
2306,104.7,67.0
2307,104.767,67.0
2308,104.833,66.0
2309,104.9,67.0
2310,104.967,67.0
2311,105.1,133.0
2312,105.167,67.0
2313,105.233,66.0
2314,105.3,67.0
2315,105.367,67.0
2316,105.433,66.0
2317,105.5,67.0
2318,105.633,133.0
2319,105.7,67.0
2320,105.767,67.0
2321,105.833,66.0
2322,105.9,67.0
2323,105.967,67.0
2324,106.033,66.0
2325,106.1,67.0
2326,106.167,67.0
2327,106.233,66.0
2328,106.3,67.0
2329,106.367,67.0
2330,106.433,66.0
2331,106.5,67.0
2332,106.567,67.0
2333,106.633,66.0
2334,106.7,67.0
2335,106.833,133.0
2336,106.9,67.0
2337,106.967,67.0
2338,107.033,66.0
2339,107.1,67.0
2340,107.167,67.0
2341,107.233,66.0
2342,107.367,134.0
2343,107.433,66.0
2344,107.5,67.0
2345,107.567,67.0
2346,107.633,66.0
2347,107.7,67.0
2348,107.767,67.0
2349,107.833,66.0
2350,107.9,67.0
2351,107.967,67.0
2352,108.033,66.0
2353,108.1,67.0
2354,108.167,67.0
2355,108.233,66.0
2356,108.3,67.0
2357,108.367,67.0
2358,108.433,66.0
2359,108.567,134.0
2360,108.633,66.0
2361,108.7,67.0
2362,108.767,67.0
2363,108.833,66.0
2364,108.9,67.0
2365,108.967,67.0
2366,109.1,133.0
2367,109.167,67.0
2368,109.233,66.0
2369,109.3,67.0
2370,109.367,67.0
2371,109.433,66.0
2372,109.5,67.0
2373,109.567,67.0
2374,109.633,66.0
2375,109.7,67.0
2376,109.767,67.0
2377,109.833,66.0
2378,109.9,67.0
2379,109.967,67.0
2380,110.033,66.0
2381,110.1,67.0
2382,110.167,67.0
2383,110.3,133.0
2384,110.367,67.0
2385,110.433,66.0
2386,110.5,67.0
2387,110.567,67.0
2388,110.633,66.0
2389,110.7,67.0
2390,110.833,133.0
2391,110.9,67.0
2392,110.967,67.0
2393,111.033,66.0
2394,111.1,67.0
2395,111.167,67.0
2396,111.233,66.0
2397,111.3,67.0
2398,111.367,67.0
2399,111.433,66.0
2400,111.5,67.0
2401,111.567,67.0
2402,111.633,66.0
2403,111.7,67.0
2404,111.767,67.0
2405,111.833,66.0
2406,111.9,67.0
2407,112.033,133.0
2408,112.1,67.0
2409,112.167,67.0
2410,112.233,66.0
2411,112.3,67.0
2412,112.367,67.0
2413,112.433,66.0
2414,112.567,134.0
2415,112.633,66.0
2416,112.7,67.0
2417,112.767,67.0
2418,112.833,66.0
2419,112.9,67.0
2420,112.967,67.0
2421,113.033,66.0
2422,113.1,67.0
2423,113.167,67.0
2424,113.233,66.0
2425,113.3,67.0
2426,113.367,67.0
2427,113.433,66.0
2428,113.5,67.0
2429,113.567,67.0
2430,113.633,66.0
2431,113.767,134.0
2432,113.833,66.0
2433,113.9,67.0
2434,113.967,67.0
2435,114.033,66.0
2436,114.1,67.0
2437,114.167,67.0
2438,114.3,133.0
2439,114.367,67.0
2440,114.433,66.0
2441,114.5,67.0
2442,114.567,67.0
2443,114.633,66.0
2444,114.7,67.0
2445,114.767,67.0
2446,114.833,66.0
2447,114.9,67.0
2448,114.967,67.0
2449,115.033,66.0
2450,115.1,67.0
2451,115.167,67.0
2452,115.233,66.0
2453,115.3,67.0
2454,115.367,67.0
2455,115.5,133.0
2456,115.567,67.0
2457,115.633,66.0
2458,115.7,67.0
2459,115.767,67.0
2460,115.833,66.0
2461,115.9,67.0
2462,116.033,133.0
2463,116.1,67.0
2464,116.167,67.0
2465,116.233,66.0
2466,116.3,67.0
2467,116.367,67.0
2468,116.433,66.0
2469,116.5,67.0
2470,116.567,67.0
2471,116.633,66.0
2472,116.7,67.0
2473,116.767,67.0
2474,116.833,66.0
2475,116.9,67.0
2476,116.967,67.0
2477,117.033,66.0
2478,117.167,134.0
2479,117.233,66.0
2480,117.3,67.0
2481,117.367,67.0
2482,117.433,66.0
2483,117.5,67.0
2484,117.567,67.0
2485,117.633,66.0
2486,117.7,67.0
2487,117.767,67.0
2488,117.9,133.0
2489,117.967,67.0
2490,118.033,66.0
2491,118.1,67.0
2492,118.167,67.0
2493,118.233,66.0
2494,118.3,67.0
2495,118.433,133.0
2496,118.5,67.0
2497,118.567,67.0
2498,118.633,66.0
2499,118.7,67.0
2500,118.733,33.0
2501,118.767,34.0
2502,118.8,33.0
2503,118.833,33.0
2504,118.867,34.0
2505,118.9,33.0
2506,118.933,33.0
2507,118.967,34.0
2508,119.0,33.0
2509,119.033,33.0
2510,119.067,34.0
2511,119.1,33.0
2512,119.133,33.0
2513,119.167,34.0
2514,119.2,33.0
2515,119.233,33.0
2516,119.267,34.0
2517,119.3,33.0
2518,119.333,33.0
