segment_id,n_intervals,modal_tick,grid_rate,effective_rate,rate_ratio,predicted_skip,observed_skip,n_gaps,category
FP7oJQ-20260804-093417,326,6030,14.9254,13.8136,1.080487,12.42,12,28,skip_predicted
FP7oJQ-20260804-093438,270,6030,14.9254,13.8696,1.076119,13.14,12,22,skip_predicted
FP7oJQ-20260804-093457,218,6030,14.9254,13.8562,1.07716,12.96,12,18,skip_predicted
FP7oJQ-20260804-104057,317,6030,14.9254,13.8229,1.079759,12.54,12,27,skip_predicted
FP7oJQ-20260804-104117,0,,,,,,,0,no_skip_predicted
FP7oJQ-20260804-105730,196,6030,14.9254,13.8683,1.076226,13.12,12,17,skip_predicted
FP7oJQ-20260804-114425,333,6030,14.9254,13.8364,1.078706,12.71,7,29,skip_predicted
FP7oJQ-20260804-114448,261,6030,14.9254,13.7368,1.086521,11.56,7,23,skip_predicted
FP7oJQ-20260804-114506,218,6030,14.9254,13.8553,1.077229,12.95,7,18,skip_predicted
FP7oJQ-20260804-142902,326,6030,14.9254,13.8136,1.080487,12.42,7,28,skip_predicted
FP7oJQ-20260804-142923,268,6030,14.9254,13.8144,1.080419,12.43,7,23,skip_predicted
FP7oJQ-20260804-142942,218,6030,14.9254,13.8562,1.07716,12.96,7,18,skip_predicted
FP7oJQ-20260804-150842,1464,6030,14.9254,13.794,1.082018,12.19,7,126,skip_predicted
FP7oJQ-20260804-153236,1705,6030,14.9254,13.8094,1.080816,12.37,12,144,skip_predicted
FP7oJQ-20260804-153437,1540,6030,14.9254,13.8324,1.079017,12.66,12,130,skip_predicted
FP7oJQ-20260804-153853,357,6030,14.9254,13.8014,1.081442,12.28,7,32,skip_predicted
FP7oJQ-20260804-154214,1706,6030,14.9254,13.8175,1.080182,12.47,12,142,skip_predicted
FP7oJQ-20260804-154415,533,6030,14.9254,13.856,1.077175,12.96,12,43,skip_predicted
FP7oJQ-20260804-154645,1707,6030,14.9254,13.8856,1.07488,13.35,12,138,skip_predicted
FP7oJQ-20260804-154847,1678,6030,14.9254,13.883,1.07508,13.32,12,135,skip_predicted
FP7oJQ-20260804-155048,1649,6030,14.9254,13.8416,1.078302,12.77,12,138,skip_predicted
FP7oJQ-20260804-155247,594,6030,14.9254,13.8999,1.073773,13.56,7,47,skip_predicted
FP7oJQ-20260804-155446,1706,6030,14.9254,13.8399,1.078433,12.75,12,143,skip_predicted
FP7oJQ-20260804-155647,1649,6030,14.9254,13.8262,1.079496,12.58,12,138,skip_predicted
FP7oJQ-20260804-155847,1650,6030,14.9254,13.7807,1.083066,12.04,12,139,skip_predicted
FP7oJQ-20260804-160046,1029,6030,14.9254,13.8431,1.078181,12.79,12,86,skip_predicted
FP7oJQ-20260804-160252,1577,6030,14.9254,13.8496,1.077674,12.87,12,131,skip_predicted
FP7oJQ-20260804-160500,1706,6030,14.9254,13.8474,1.077846,12.85,12,143,skip_predicted
FP7oJQ-20260804-160701,1649,6030,14.9254,13.8417,1.078293,12.77,12,138,skip_predicted
FP7oJQ-20260804-160900,1679,6030,14.9254,13.8455,1.077996,12.82,12,140,skip_predicted
FP7oJQ-20260804-161102,1649,6030,14.9254,13.8882,1.074681,13.39,12,132,skip_predicted
FP7oJQ-20260804-161300,1649,6030,14.9254,13.7952,1.081922,12.21,7,141,skip_predicted
FP7oJQ-20260804-161500,1678,6030,14.9254,13.8068,1.081013,12.34,7,143,skip_predicted
FP7oJQ-20260804-161702,1651,6030,14.9254,13.7813,1.083016,12.05,7,142,skip_predicted
FP7oJQ-20260804-161902,1647,6030,14.9254,13.8249,1.079602,12.56,7,139,skip_predicted
FP7oJQ-20260804-162101,1651,6030,14.9254,13.6823,1.090854,11.01,7,145,skip_predicted
FP7oJQ-20260804-162301,1648,6030,14.9254,13.7715,1.083783,11.94,7,141,skip_predicted
FP7oJQ-20260804-162501,1649,6030,14.9254,13.7954,1.081913,12.21,12,140,skip_predicted
FP7oJQ-20260804-162701,1649,6030,14.9254,13.8571,1.077089,12.97,12,136,skip_predicted
FP7oJQ-20260804-162900,1679,6030,14.9254,13.8076,1.080956,12.35,12,142,skip_predicted
FP7oJQ-20260804-163102,2518,2970,30.303,21.1006,1.436121,2.29,7,73,skip_predicted
FP7oJQ-20260804-163300,3539,2970,30.303,29.7981,1.016945,59.01,16,24,skip_predicted
FP7oJQ-20260804-163459,3539,2970,30.303,29.7063,1.020088,49.78,16,35,skip_predicted
FP7oJQ-20260804-163659,988,2970,30.303,29.9994,1.010121,98.8,,0,skip_predicted
FP7oJQ-20260805-061240,327,6030,14.9254,14.1761,1.052855,18.92,16,20,skip_predicted
FP7oJQ-20260805-061301,298,6030,14.9254,14.2816,1.045077,22.18,16,15,skip_predicted
FP7oJQ-20260805-061322,182,6030,14.9254,14.1447,1.055191,18.12,18,11,skip_predicted
FP7oJQ-20260805-061439,326,6030,14.9254,14.2564,1.046928,21.31,18,17,skip_predicted
FP7oJQ-20260805-061500,269,6030,14.9254,14.1579,1.054209,18.45,16,16,skip_predicted
FP7oJQ-20260805-061519,242,6030,14.9254,14.2916,1.044344,22.55,16,12,skip_predicted
FP7oJQ-20260805-062053,326,6030,14.9254,14.1327,1.056085,17.83,18,20,skip_predicted
FP7oJQ-20260805-062115,269,6030,14.9254,14.1089,1.05787,17.28,14,17,skip_predicted
FP7oJQ-20260805-062134,235,6030,14.9254,14.1566,1.054303,18.42,18,14,skip_predicted
FP7oJQ-20260805-062422,327,6030,14.9254,14.1357,1.055867,17.9,10,21,skip_predicted
FP7oJQ-20260805-062443,268,6030,14.9254,14.1552,1.054411,18.38,18,16,skip_predicted
FP7oJQ-20260805-062502,236,6030,14.9254,14.1039,1.058247,17.17,10,15,skip_predicted
FP7oJQ-20260805-062747,327,6030,14.9254,14.1357,1.055867,17.9,18,20,skip_predicted
FP7oJQ-20260805-062809,268,6030,14.9254,14.1053,1.058142,17.2,21,17,skip_predicted
FP7oJQ-20260805-062828,236,6030,14.9254,14.1606,1.05401,18.52,14,14,skip_predicted
FP7oJQ-20260805-063206,326,6030,14.9254,14.2153,1.04995,20.02,18,19,skip_predicted
FP7oJQ-20260805-063227,269,6030,14.9254,14.1081,1.057926,17.26,21,17,skip_predicted
FP7oJQ-20260805-063246,224,6030,14.9254,14.1174,1.057236,17.47,21,14,skip_predicted
FP7oJQ-20260805-063714,326,6030,14.9254,14.1327,1.056085,17.83,20,21,skip_predicted
FP7oJQ-20260805-063735,269,6030,14.9254,14.1579,1.054209,18.45,14,16,skip_predicted
FP7oJQ-20260805-063754,222,6030,14.9254,14.1096,1.057819,17.3,20,14,skip_predicted
FP7oJQ-20260805-064117,326,6030,14.9254,14.1327,1.056085,17.83,21,21,skip_predicted
FP7oJQ-20260805-064139,270,6030,14.9254,14.1613,1.053952,18.53,10,16,skip_predicted
FP7oJQ-20260805-064158,221,6030,14.9254,14.1667,1.053556,18.67,16,13,skip_predicted
FP7oJQ-20260805-064331,326,6030,14.9254,14.1739,1.053017,18.86,16,20,skip_predicted
FP7oJQ-20260805-064352,269,6030,14.9254,14.1089,1.05787,17.28,10,17,skip_predicted
FP7oJQ-20260805-064411,220,6030,14.9254,14.1634,1.053799,18.59,16,13,skip_predicted
FP7oJQ-20260805-064608,327,6030,14.9254,14.1761,1.052855,18.92,18,20,skip_predicted
FP7oJQ-20260805-064630,268,6030,14.9254,14.1053,1.058142,17.2,14,17,skip_predicted
FP7oJQ-20260805-064649,237,6030,14.9254,14.1636,1.053782,18.59,18,14,skip_predicted
FP7oJQ-20260805-064907,326,6030,14.9254,14.1739,1.053017,18.86,16,20,skip_predicted
FP7oJQ-20260805-064928,270,6030,14.9254,14.1117,1.057656,17.34,10,17,skip_predicted
FP7oJQ-20260805-064948,235,6030,14.9254,14.0441,1.06275,15.94,16,15,skip_predicted
FP7oJQ-20260805-065321,326,6030,14.9254,14.1334,1.056039,17.84,10,20,skip_predicted
FP7oJQ-20260805-065343,269,6030,14.9254,14.1081,1.057926,17.26,18,17,skip_predicted
FP7oJQ-20260805-065402,231,6030,14.9254,13.8597,1.076888,13.01,18,15,skip_predicted
FP7oJQ-20260805-065532,326,6030,14.9254,14.1739,1.053017,18.86,21,20,skip_predicted
FP7oJQ-20260805-065553,270,6030,14.9254,14.1117,1.057656,17.34,16,17,skip_predicted
FP7oJQ-20260805-065613,236,6030,14.9254,14.1597,1.054073,18.49,21,14,skip_predicted
FP7oJQ-20260805-065844,326,6030,14.9254,14.1327,1.056085,17.83,16,21,skip_predicted
FP7oJQ-20260805-065906,269,6030,14.9254,13.9864,1.067136,14.9,16,19,skip_predicted
FP7oJQ-20260805-065925,215,6030,14.9254,13.8415,1.078306,12.77,7,18,skip_predicted
FP7oJQ-20260805-071104,326,6030,14.9254,13.8523,1.077465,12.91,12,28,skip_predicted
FP7oJQ-20260805-071125,269,6030,14.9254,13.8183,1.08012,12.48,12,23,skip_predicted
FP7oJQ-20260805-071145,219,6030,14.9254,13.8608,1.076808,13.02,12,18,skip_predicted
FP7oJQ-20260805-081347,326,6030,14.9254,13.8529,1.07742,12.92,12,28,skip_predicted
FP7oJQ-20260805-081408,268,6030,14.9254,13.8623,1.076687,13.04,12,22,skip_predicted
FP7oJQ-20260805-081428,220,6030,14.9254,13.8078,1.080936,12.36,12,19,skip_predicted
FP7oJQ-20260805-112725,302,6030,14.9254,13.8532,1.077394,12.92,7,26,skip_predicted
FP7oJQ-20260805-112745,269,6030,14.9254,13.819,1.080064,12.49,7,23,skip_predicted
FP7oJQ-20260805-112805,243,6030,14.9254,13.8068,1.081015,12.34,7,21,skip_predicted
FP7oJQ-20260805-121457,302,6030,14.9254,13.8532,1.077394,12.92,12,25,skip_predicted
FP7oJQ-20260805-121518,271,6030,14.9254,13.874,1.075783,13.2,12,22,skip_predicted
FP7oJQ-20260805-121538,228,6030,14.9254,13.8467,1.0779,12.84,12,19,skip_predicted
FP7oJQ-20260805-132524,305,6030,14.9254,13.8636,1.076584,13.06,12,26,skip_predicted
FP7oJQ-20260805-132546,268,6030,14.9254,13.8623,1.076687,13.04,12,22,skip_predicted
FP7oJQ-20260805-132605,242,6030,14.9254,13.8025,1.081349,12.29,12,21,skip_predicted
FP7oJQ-20260805-152423,307,6030,14.9254,13.8288,1.079294,12.61,12,27,skip_predicted
FP7oJQ-20260805-152445,268,6030,14.9254,13.8623,1.076687,13.04,12,22,skip_predicted
FP7oJQ-20260805-152504,227,6030,14.9254,13.8982,1.073904,13.53,7,18,skip_predicted
FP7oJQ-20260805-153251,1692,6030,14.9254,13.8689,1.076179,13.13,12,139,skip_predicted
FP7oJQ-20260805-153451,1648,6030,14.9254,13.8487,1.077742,12.86,12,137,skip_predicted
FP7oJQ-20260805-153650,1679,6030,14.9254,13.8531,1.0774,12.92,12,139,skip_predicted
FP7oJQ-20260805-153852,1648,6030,14.9254,13.8487,1.077742,12.86,12,137,skip_predicted
FP7oJQ-20260805-154051,1679,6030,14.9254,13.8837,1.075027,13.33,12,135,skip_predicted
FP7oJQ-20260805-154252,1648,6030,14.9254,13.9112,1.072906,13.72,12,129,skip_predicted
FP7oJQ-20260805-154451,1678,6030,14.9254,13.8449,1.078042,12.81,12,140,skip_predicted
FP7oJQ-20260805-154652,1649,6030,14.9254,13.8495,1.077686,12.87,12,137,skip_predicted
FP7oJQ-20260805-154851,1649,6030,14.9254,13.7493,1.085534,11.69,12,142,skip_predicted
FP7oJQ-20260805-155052,1678,6030,14.9254,13.8678,1.076263,13.11,12,137,skip_predicted
FP7oJQ-20260805-155252,1648,6030,14.9254,13.8411,1.07834,12.76,12,138,skip_predicted
FP7oJQ-20260805-155451,1650,6030,14.9254,13.8501,1.077639,12.88,12,137,skip_predicted
FP7oJQ-20260805-155651,1677,6030,14.9254,13.8443,1.078089,12.81,12,140,skip_predicted
FP7oJQ-20260805-155852,1649,6030,14.9254,13.8883,1.074672,13.39,12,132,skip_predicted
FP7oJQ-20260805-160051,1679,6030,14.9254,13.8914,1.074431,13.44,12,134,skip_predicted
FP7oJQ-20260805-160253,1648,6030,14.9254,13.8644,1.076529,13.07,12,135,skip_predicted
FP7oJQ-20260805-160451,1680,6030,14.9254,13.8691,1.076164,13.13,12,137,skip_predicted
FP7oJQ-20260805-160652,1649,6030,14.9254,13.7188,1.08795,11.37,12,142,skip_predicted
FP7oJQ-20260805-160852,1648,6030,14.9254,13.8876,1.074726,13.38,12,132,skip_predicted
FP7oJQ-20260805-161052,1679,6030,14.9254,13.8914,1.074431,13.44,12,134,skip_predicted
FP7oJQ-20260805-161252,1649,6030,14.9254,13.7954,1.081913,12.21,7,141,skip_predicted
FP7oJQ-20260805-161452,1648,6030,14.9254,13.8565,1.077136,12.96,12,136,skip_predicted
FP7oJQ-20260805-161651,1679,6030,14.9254,13.8456,1.077987,12.82,12,140,skip_predicted
FP7oJQ-20260805-161910,625,6030,14.9254,13.848,1.077803,12.85,12,52,skip_predicted
FP7oJQ-20260805-162003,858,6030,14.9254,13.8537,1.077358,12.93,12,70,skip_predicted
FP7oJQ-20260805-162227,1719,6030,14.9254,13.8554,1.077223,12.95,12,142,skip_predicted
FP7oJQ-20260805-162920,1649,6030,14.9254,13.78,1.083117,12.03,12,139,skip_predicted
FP7oJQ-20260805-163513,239,6030,14.9254,13.7356,1.086617,11.55,12,21,skip_predicted
FP7oJQ-20260805-163623,1363,6030,14.9254,13.7677,1.084088,11.89,12,116,skip_predicted
FP7oJQ-20260807-101927,305,6030,14.9254,13.948,1.070076,14.27,12,24,skip_predicted
FP7oJQ-20260807-101947,269,6030,14.9254,13.9617,1.069023,14.49,12,20,skip_predicted
FP7oJQ-20260807-102006,232,6030,14.9254,13.8648,1.076493,13.07,12,19,skip_predicted
FP7oJQ-20260807-102122,308,6030,14.9254,13.8327,1.078988,12.66,12,27,skip_predicted
FP7oJQ-20260807-102144,271,6030,14.9254,14.0175,1.064768,15.44,7,19,skip_predicted
FP7oJQ-20260807-102203,238,6030,14.9254,13.7835,1.082842,12.07,7,21,skip_predicted
PPDmUg-20260804-093412,357,6030,14.9254,15.0,0.995025,,,1,no_skip_predicted
PPDmUg-20260804-093434,298,6030,14.9254,15.0005,0.994991,,,0,no_skip_predicted
PPDmUg-20260804-093454,212,6030,14.9254,15.0004,0.995001,,,0,no_skip_predicted
PPDmUg-20260804-104042,357,6030,14.9254,15.0,0.995025,,,1,no_skip_predicted
PPDmUg-20260804-104104,61,6030,14.9254,15.0025,0.994862,,,0,no_skip_predicted
PPDmUg-20260804-105641,356,6030,14.9254,15.0002,0.995011,,,1,no_skip_predicted
PPDmUg-20260804-105703,299,6030,14.9254,15.0003,0.995008,,,0,no_skip_predicted
PPDmUg-20260804-105724,227,6030,14.9254,15.0003,0.995003,,,0,no_skip_predicted
PPDmUg-20260804-114416,357,6030,14.9254,15.0,0.995025,,,1,no_skip_predicted
PPDmUg-20260804-114438,298,6030,14.9254,15.0005,0.994991,,,0,no_skip_predicted
PPDmUg-20260804-114458,227,6030,14.9254,15.0003,0.995003,,,0,no_skip_predicted
PPDmUg-20260804-142858,356,6030,14.9254,14.9996,0.995053,,,1,no_skip_predicted
PPDmUg-20260804-142920,299,6030,14.9254,14.9995,0.995058,,,0,no_skip_predicted
PPDmUg-20260804-142940,212,6030,14.9254,14.9993,0.995072,,,0,no_skip_predicted
PPDmUg-20260804-150849,1387,6030,14.9254,15.0001,0.995018,,,1,no_skip_predicted
PPDmUg-20260804-153241,1860,6030,14.9254,15.0,0.995025,,,1,no_skip_predicted
PPDmUg-20260804-153442,1575,6030,14.9254,15.0,0.995025,,,0,no_skip_predicted
PPDmUg-20260804-153855,590,6030,14.9254,14.9496,0.998381,,588,2,no_skip_predicted
PPDmUg-20260804-154221,1857,6030,14.9254,15.0,0.995025,,,1,no_skip_predicted
PPDmUg-20260804-154423,357,6030,14.9254,15.0,0.995025,,,0,no_skip_predicted
PPDmUg-20260804-154626,1857,6030,14.9254,15.0,0.995025,,,1,no_skip_predicted
PPDmUg-20260804-154828,1859,6030,14.9254,15.5262,0.961302,,10,4,no_skip_predicted
PPDmUg-20260804-155028,1768,6030,14.9254,14.9662,0.997273,,8,4,no_skip_predicted
PPDmUg-20260804-155226,910,6030,14.9254,14.8856,1.002673,374.05,9,7,skip_predicted
PPDmUg-20260804-155436,1855,6030,14.9254,15.0001,0.99502,,,1,no_skip_predicted
PPDmUg-20260804-155627,1799,6030,14.9254,15.0,0.995022,,,0,no_skip_predicted
PPDmUg-20260804-155827,1801,6030,14.9254,15.0,0.995028,,,0,no_skip_predicted
PPDmUg-20260804-160028,1389,6030,14.9254,15.0,0.995025,,,0,no_skip_predicted
PPDmUg-20260804-160249,1427,6030,14.9254,14.9791,0.996412,,1425,2,no_skip_predicted
PPDmUg-20260804-160438,1857,6030,14.9254,15.0,0.995025,,,1,no_skip_predicted
PPDmUg-20260804-160641,1799,6030,14.9254,14.9999,0.99503,,,0,no_skip_predicted
PPDmUg-20260804-160841,1799,6030,14.9254,14.9999,0.99503,,,0,no_skip_predicted
PPDmUg-20260804-161041,1799,6030,14.9254,14.9999,0.99503,,,0,no_skip_predicted
PPDmUg-20260804-161241,1799,6030,14.9254,14.9999,0.99503,,,0,no_skip_predicted
PPDmUg-20260804-161441,1798,6030,14.9254,15.0,0.995028,,,0,no_skip_predicted
PPDmUg-20260804-161641,1800,6030,14.9254,15.0,0.995025,,,0,no_skip_predicted
PPDmUg-20260804-161841,1799,6030,14.9254,14.9999,0.99503,,,0,no_skip_predicted
PPDmUg-20260804-162041,1799,6030,14.9254,14.9999,0.99503,,,0,no_skip_predicted
PPDmUg-20260804-162241,1799,6030,14.9254,14.9999,0.99503,,,0,no_skip_predicted
PPDmUg-20260804-162441,1799,6030,14.9254,14.9999,0.99503,,,0,no_skip_predicted
PPDmUg-20260804-162641,1799,6030,14.9254,14.9999,0.99503,,,0,no_skip_predicted
PPDmUg-20260804-162841,1799,6030,14.9254,14.9999,0.99503,,,0,no_skip_predicted
PPDmUg-20260804-163041,2099,6030,14.9254,17.6238,0.846885,,,1,no_skip_predicted
PPDmUg-20260804-163240,1948,6030,14.9254,16.3149,0.91483,,,0,no_skip_predicted
PPDmUg-20260804-163439,1890,6030,14.9254,15.6501,0.953692,,,0,no_skip_predicted
PPDmUg-20260804-163640,850,6030,14.9254,15.0177,0.993854,,,0,no_skip_predicted
PPDmUg-20260805-061250,146,11970,7.5188,5.2392,1.435112,2.3,85,3,skip_predicted
PPDmUg-20260805-061311,119,11970,7.5188,7.0833,1.061477,16.27,1,4,skip_predicted
PPDmUg-20260805-061328,96,11970,7.5188,7.5,1.002506,399.0,,0,no_skip_predicted
PPDmUg-20260805-061441,176,11970,7.5188,6.3462,1.184766,5.41,1,24,skip_predicted
PPDmUg-20260805-061508,88,24030,3.7453,4.853,0.771748,,,1,no_skip_predicted
PPDmUg-20260805-061525,73,11970,7.5188,5.7635,1.304563,3.28,,0,skip_predicted
PPDmUg-20260805-062102,145,11970,7.5188,6.0756,1.237542,4.21,,1,skip_predicted
PPDmUg-20260805-062120,151,11970,7.5188,6.8224,1.102076,9.8,8,15,skip_predicted
PPDmUg-20260805-062143,89,11970,7.5188,7.0261,1.070119,14.26,8,6,skip_predicted
PPDmUg-20260805-062421,175,11970,7.5188,7.4576,1.008206,121.86,8,2,skip_predicted
PPDmUg-20260805-062442,150,11970,7.5188,7.2115,1.042607,23.47,1,2,skip_predicted
PPDmUg-20260805-062503,86,11970,7.5188,5.9722,1.258961,3.86,4,3,skip_predicted
PPDmUg-20260805-062752,176,11970,7.5188,6.7348,1.116413,8.59,1,19,skip_predicted
PPDmUg-20260805-062814,119,11970,7.5188,6.8655,1.095154,10.51,1,10,skip_predicted
PPDmUg-20260805-062831,103,11970,7.5188,6.8361,1.099861,10.01,1,9,skip_predicted
PPDmUg-20260805-063209,176,11970,7.5188,6.7004,1.122138,8.19,1,21,skip_predicted
PPDmUg-20260805-063232,118,11970,7.5188,6.8605,1.09596,10.42,2,11,skip_predicted
PPDmUg-20260805-063248,101,11970,7.5188,7.284,1.032234,31.02,1,3,skip_predicted
PPDmUg-20260805-063709,176,11970,7.5188,7.5002,1.002478,403.59,,1,no_skip_predicted
PPDmUg-20260805-063729,148,11970,7.5188,7.0255,1.070209,14.24,2,9,skip_predicted
PPDmUg-20260805-063751,98,11970,7.5188,7.5004,1.002455,407.31,,0,no_skip_predicted
PPDmUg-20260805-064116,326,6030,14.9254,14.9541,0.998077,,,1,no_skip_predicted
PPDmUg-20260805-064137,299,6030,14.9254,15.0003,0.995008,,,0,no_skip_predicted
PPDmUg-20260805-064157,240,6030,14.9254,15.0,0.995025,,,0,no_skip_predicted
PPDmUg-20260805-064331,326,6030,14.9254,14.5102,1.028615,34.95,1,9,skip_predicted
PPDmUg-20260805-064352,269,6030,14.9254,13.8183,1.08012,12.48,1,12,skip_predicted
PPDmUg-20260805-064411,222,6030,14.9254,14.1105,1.057752,17.32,1,9,skip_predicted
PPDmUg-20260805-064609,326,6030,14.9254,14.6405,1.019458,51.39,1,4,skip_predicted
PPDmUg-20260805-064629,299,6030,14.9254,15.0003,0.995008,,,0,no_skip_predicted
PPDmUg-20260805-064649,234,6030,14.9254,15.0,0.995025,,,0,no_skip_predicted
PPDmUg-20260805-064907,326,6030,14.9254,14.7291,1.013323,75.06,111,6,skip_predicted
PPDmUg-20260805-064927,299,6030,14.9254,15.0003,0.995008,,,0,no_skip_predicted
PPDmUg-20260805-064947,247,6030,14.9254,14.7613,1.011118,89.94,1,3,skip_predicted
PPDmUg-20260805-065319,326,6030,14.9254,14.909,1.001099,910.08,261,3,no_skip_predicted
PPDmUg-20260805-065339,299,6030,14.9254,14.6089,1.021664,46.16,3,6,skip_predicted
PPDmUg-20260805-065359,245,6030,14.9254,14.8782,1.003168,315.67,7,2,no_skip_predicted
PPDmUg-20260805-065531,326,6030,14.9254,14.9541,0.998077,,2,2,no_skip_predicted
PPDmUg-20260805-065552,299,6030,14.9254,15.0003,0.995008,,,0,no_skip_predicted
PPDmUg-20260805-065612,252,6030,14.9254,14.7653,1.010839,92.26,6,3,skip_predicted
PPDmUg-20260805-065845,326,6030,14.9254,14.6847,1.01639,61.01,1,5,skip_predicted
PPDmUg-20260805-065906,299,6030,14.9254,14.4675,1.031648,31.6,1,3,skip_predicted
PPDmUg-20260805-065926,208,6030,14.9254,14.9275,0.999856,,,1,no_skip_predicted
PPDmUg-20260805-071100,597,2970,30.303,25.7328,1.177605,5.63,1,82,skip_predicted
PPDmUg-20260805-071123,298,6030,14.9254,15.0005,0.994991,,,0,no_skip_predicted
PPDmUg-20260805-071143,260,6030,14.9254,16.4901,0.905109,,,0,no_skip_predicted
PPDmUg-20260805-081349,356,6030,14.9254,15.0002,0.995011,,,1,no_skip_predicted
PPDmUg-20260805-081412,300,6030,14.9254,15.0,0.995025,,,0,no_skip_predicted
PPDmUg-20260805-081432,226,6030,14.9254,14.9997,0.995047,,,0,no_skip_predicted
PPDmUg-20260805-094025,374,6030,14.9254,15.0002,0.995012,,,1,no_skip_predicted
PPDmUg-20260805-094044,299,6030,14.9254,15.0003,0.995008,,,0,no_skip_predicted
PPDmUg-20260805-094105,195,6030,14.9254,15.0,0.995025,,,0,no_skip_predicted
PPDmUg-20260805-121502,347,6030,14.9254,15.0002,0.995011,,,1,no_skip_predicted
PPDmUg-20260805-121524,299,6030,14.9254,15.0003,0.995008,,,0,no_skip_predicted
PPDmUg-20260805-121544,222,6030,14.9254,15.0,0.995025,,,0,no_skip_predicted
PPDmUg-20260805-132527,334,6030,14.9254,15.0004,0.994995,,,1,no_skip_predicted
PPDmUg-20260805-132549,299,6030,14.9254,15.0003,0.995008,,,0,no_skip_predicted
PPDmUg-20260805-132609,250,6030,14.9254,14.9997,0.995045,,,0,no_skip_predicted
PPDmUg-20260805-152420,337,6030,14.9254,14.9998,0.99504,,,1,no_skip_predicted
PPDmUg-20260805-152441,299,6030,14.9254,15.0003,0.995008,,,0,no_skip_predicted
PPDmUg-20260805-152501,232,6030,14.9254,15.0006,0.994982,,,0,no_skip_predicted
PPDmUg-20260805-153249,1837,6030,14.9254,15.0,0.995028,,,1,no_skip_predicted
PPDmUg-20260805-153451,1799,6030,14.9254,15.0,0.995022,,,0,no_skip_predicted
PPDmUg-20260805-153651,1799,6030,14.9254,15.0,0.995022,,,0,no_skip_predicted
PPDmUg-20260805-153851,1799,6030,14.9254,15.0,0.995022,,,0,no_skip_predicted
PPDmUg-20260805-154051,1799,6030,14.9254,15.0,0.995022,,,0,no_skip_predicted
PPDmUg-20260805-154251,1859,6030,14.9254,15.6044,0.956484,,53,7,no_skip_predicted
PPDmUg-20260805-154450,2009,6030,14.9254,16.686,0.894482,,11,8,no_skip_predicted
PPDmUg-20260805-154650,1799,6030,14.9254,14.9999,0.99503,,,0,no_skip_predicted
PPDmUg-20260805-154850,1949,6030,14.9254,16.2688,0.917424,,171,4,no_skip_predicted
PPDmUg-20260805-155051,1949,6030,14.9254,16.2372,0.919208,,4,9,no_skip_predicted
PPDmUg-20260805-155250,1799,6030,14.9254,15.0,0.995022,,,0,no_skip_predicted
PPDmUg-20260805-155450,1799,6030,14.9254,15.0,0.995022,,,0,no_skip_predicted
PPDmUg-20260805-155650,1799,6030,14.9254,15.0,0.995022,,,0,no_skip_predicted
PPDmUg-20260805-155850,1799,6030,14.9254,15.0,0.995022,,,0,no_skip_predicted
PPDmUg-20260805-160050,1799,6030,14.9254,14.9584,0.997793,,9,5,no_skip_predicted
PPDmUg-20260805-160251,1769,6030,14.9254,14.8906,1.002337,427.88,3,13,skip_predicted
PPDmUg-20260805-160449,1799,6030,14.9254,14.9336,0.999452,,8,8,no_skip_predicted
PPDmUg-20260805-160650,1799,6030,14.9254,14.9999,0.99503,,,0,no_skip_predicted
PPDmUg-20260805-160850,1799,6030,14.9254,14.9999,0.99503,,,0,no_skip_predicted
PPDmUg-20260805-161050,1919,6030,14.9254,15.9121,0.937989,,,0,no_skip_predicted
PPDmUg-20260805-161251,1769,6030,14.9254,14.9746,0.996709,,18,3,no_skip_predicted
PPDmUg-20260805-161449,1979,6030,14.9254,16.3509,0.912816,,,0,no_skip_predicted
PPDmUg-20260805-161650,1799,6030,14.9254,15.0,0.995022,,,0,no_skip_predicted
PPDmUg-20260805-161849,1979,6030,14.9254,16.4734,0.906028,,189,3,no_skip_predicted
PPDmUg-20260805-162050,1799,6030,14.9254,14.9917,0.995578,,,1,no_skip_predicted
PPDmUg-20260805-162251,1799,6030,14.9254,15.0,0.995022,,,0,no_skip_predicted
PPDmUg-20260805-162451,451,6030,14.9254,14.9338,0.999437,,,1,no_skip_predicted
PPDmUg-20260805-162627,1830,6030,14.9254,15.0,0.995025,,,1,no_skip_predicted
PPDmUg-20260805-162827,1888,6030,14.9254,15.8213,0.943374,,15,5,no_skip_predicted
PPDmUg-20260805-163027,1679,6030,14.9254,14.1648,1.053692,18.62,2,93,skip_predicted
PPDmUg-20260805-163225,1183,6030,14.9254,14.9874,0.995862,,,1,no_skip_predicted
PPDmUg-20260805-163521,1749,6030,14.9254,14.3517,1.039972,25.02,3,80,skip_predicted
PPDmUg-20260805-163723,376,6030,14.9254,14.9998,0.995038,,,0,no_skip_predicted
PPDmUg-20260807-101924,336,6030,14.9254,15.0,0.995025,,,1,no_skip_predicted
PPDmUg-20260807-101945,299,6030,14.9254,15.0003,0.995008,,,0,no_skip_predicted
PPDmUg-20260807-102005,233,6030,14.9254,15.0003,0.995004,,,0,no_skip_predicted
PPDmUg-20260807-102124,336,6030,14.9254,15.0,0.995025,,,1,no_skip_predicted
PPDmUg-20260807-102147,225,6030,14.9254,14.9333,0.999469,,,1,no_skip_predicted
