segment_id,camera,date,time,schema,attempt,n_frames,n_intervals,total_span_s,fast_centre,slow_centre,is_2to1,n_fast,n_slow,n_gap,n_other,fast_frac,fast_runs_count,fast_runs_mean,fast_runs_median,fast_runs_max,slow_runs_count,slow_runs_mean,slow_runs_median,slow_runs_max,n_mode_switches,boundary_trunc_frac,rle_compact,gap_total,gap_spacing_mode,gap_spacing_mean,gap_spacing_stdev,gap_spacing_hist_top3,longest_gap_free_frames,longest_gap_free_s,top_ticks,modal_tick,grid_rate,effective_rate,rate_ratio,predicted_skip,observed_skip,v4_is_bimodal,v4_nominal_dt_s,v4_short_mode_fraction
FP7oJQ-20260804-093417,FP7oJQ,20260804,093417,1,1,327,326,23.6,,6000,False,0,297,28,1,0.0,0,0,0,0,27,11,11,12,0,0.0357,O1 G1 S11 G1 S11 G1 S11 G1 S11 G1 S11 G1 S11 G1 S11 G1 S11 G1 S11 G1 S11 G1 S10 G1 S12 G1 S11 G1 S11 G1 ...+26,28,12,12,0.39,12:23; 11:2; 13:2,12,0.8,6030:198; 5940:99; 11970:18; 12060:9; 0:1; 18000:1,6030,14.9254,13.8136,1.080487,12.42,12,,,
FP7oJQ-20260804-093438,FP7oJQ,20260804,093438,1,1,271,270,19.467,,6000,False,0,248,22,0,0.0,0,0,0,0,23,10.8,11,12,0,0.0444,S10 G1 S11 G1 S11 G1 S11 G1 S11 G1 S11 G1 S11 G1 S11 G1 S11 G1 S11 G1 S11 G1 S11 G1 S11 G1 S10 G1 S12 G1 ...+15,22,12,12,0.32,12:19; 11:1; 13:1,12,0.8,6030:166; 5940:82; 11970:15; 12060:7,6030,14.9254,13.8696,1.076119,13.14,12,,,
FP7oJQ-20260804-093457,FP7oJQ,20260804,093457,1,1,219,218,15.733,,6000,False,0,200,18,0,0.0,0,0,0,0,19,10.5,11,12,0,0.0541,S3 G1 S11 G1 S11 G1 S11 G1 S11 G1 S11 G1 S10 G1 S12 G1 S11 G1 S11 G1 S11 G1 S11 G1 S11 G1 S11 G1 S11 G1 ...+7,18,12,12,0.35,12:15; 11:1; 13:1,12,0.8,6030:133; 5940:67; 11970:12; 12060:6,6030,14.9254,13.8562,1.07716,12.96,12,,,
FP7oJQ-20260804-104057,FP7oJQ,20260804,104057,1,1,318,317,22.933,,6000,False,0,289,27,1,0.0,0,0,0,0,27,10.7,11,12,0,0.0364,O1 G1 S11 G1 S11 G1 S11 G1 S11 G1 S11 G1 S10 G1 S12 G1 S11 G1 S11 G1 S11 G1 S11 G1 S11 G1 S11 G1 S11 G1 ...+25,27,12,12,0.4,12:22; 11:2; 13:2,12,0.8,6030:192; 5940:97; 11970:17; 12060:9; 0:1; 18000:1,6030,14.9254,13.8229,1.079759,12.54,12,,,
FP7oJQ-20260804-104117,FP7oJQ,20260804,104117,1,1,1,0,0,,,False,0,0,0,0,0,0,0,0,0,0,0,0,0,0,0,,0,,,,,0,0,,,,,,,,,,
FP7oJQ-20260804-105730,FP7oJQ,20260804,105730,1,2,197,196,14.133,,6000,False,0,178,17,1,0.0,0,0,0,0,17,10.5,11,12,0,0.0571,O1 G1 S8 G1 S11 G1 S10 G1 S12 G1 S11 G1 S11 G1 S11 G1 S11 G1 S11 G1 S11 G1 S11 G1 S11 G1 S11 G1 S11 G1 ...+5,17,12,11.81,0.83,12:13; 9:1; 11:1,12,0.8,6030:118; 5940:60; 11970:11; 12060:6; 0:1,6030,14.9254,13.8683,1.076226,13.12,12,,,
FP7oJQ-20260804-114425,FP7oJQ,20260804,114425,2,1,334,333,24.067,,6000,False,0,303,29,1,0.0,0,0,0,0,29,10.4,7,16,0,0.0339,O1 G1 S2 G1 S16 G1 S6 G1 S16 G1 S6 G1 S16 G1 S6 G1 S16 G1 S6 G1 S16 G1 S6 G1 S16 G1 S6 G1 S16 G1 ...+29,29,7,11.57,5.17,7:13; 17:12; 3:1,16,1.07,6030:202; 5940:101; 11970:19; 12060:10; 0:1,6030,14.9254,13.8364,1.078706,12.71,7,,,
FP7oJQ-20260804-114448,FP7oJQ,20260804,114448,2,1,262,261,19.0,,6000,False,0,238,23,0,0.0,0,0,0,0,24,9.9,7.0,16,0,0.0426,S8 G1 S6 G1 S16 G1 S5 G1 S8 G1 S6 G1 S15 G1 S9 G1 S6 G1 S16 G1 S6 G1 S16 G1 S6 G1 S16 G1 S6 G1 ...+17,23,7,11.23,4.89,7:10; 17:8; 6:1,16,1.07,6030:159; 5940:79; 11970:15; 12060:7; 18000:1,6030,14.9254,13.7368,1.086521,11.56,7,,,
FP7oJQ-20260804-114506,FP7oJQ,20260804,114506,2,1,219,218,15.734,,6000,False,0,200,18,0,0.0,0,0,0,0,19,10.5,9,16,0,0.0541,S10 G1 S6 G1 S16 G1 S6 G1 S15 G1 S9 G1 S6 G1 S16 G1 S6 G1 S16 G1 S6 G1 S16 G1 S6 G1 S16 G1 S6 G1 ...+7,18,7,11.82,4.97,7:8; 17:7; 16:1,16,1.07,6030:133; 5940:67; 11970:11; 12060:7,6030,14.9254,13.8553,1.077229,12.95,7,,,
FP7oJQ-20260804-142902,FP7oJQ,20260804,142902,2,1,327,326,23.6,,6000,False,0,298,28,0,0.0,0,0,0,0,29,10.3,9,16,0,0.0351,S1 G1 S10 G1 S6 G1 S16 G1 S6 G1 S16 G1 S6 G1 S16 G1 S6 G1 S16 G1 S6 G1 S16 G1 S6 G1 S15 G1 S9 G1 ...+27,28,7,11.67,4.88,7:13; 17:11; 11:1,16,1.07,6030:199; 5940:99; 11970:19; 12060:9,6030,14.9254,13.8136,1.080487,12.42,7,,,
FP7oJQ-20260804-142923,FP7oJQ,20260804,142923,2,1,269,268,19.4,,6000,False,0,245,23,0,0.0,0,0,0,0,24,10.2,6.0,16,0,0.0426,S6 G1 S6 G1 S16 G1 S6 G1 S16 G1 S6 G1 S15 G1 S9 G1 S6 G1 S16 G1 S6 G1 S16 G1 S6 G1 S16 G1 S6 G1 ...+17,23,7,11.64,4.96,7:11; 17:9; 16:1,16,1.07,6030:163; 5940:82; 11970:15; 12060:8,6030,14.9254,13.8144,1.080419,12.43,7,,,
FP7oJQ-20260804-142942,FP7oJQ,20260804,142942,2,1,219,218,15.733,,6000,False,0,200,18,0,0.0,0,0,0,0,19,10.5,9,16,0,0.0541,S10 G1 S6 G1 S16 G1 S6 G1 S15 G1 S9 G1 S6 G1 S16 G1 S6 G1 S16 G1 S6 G1 S16 G1 S6 G1 S16 G1 S6 G1 ...+7,18,7,11.82,4.97,7:8; 17:7; 16:1,16,1.07,6030:133; 5940:67; 11970:12; 12060:6,6030,14.9254,13.8562,1.07716,12.96,7,,,
FP7oJQ-20260804-150842,FP7oJQ,20260804,150842,2,1,1465,1464,106.133,,6000,False,0,1337,126,1,0.0,0,0,0,0,125,10.7,9,17,0,0.0079,O1 G1 S2 G1 S16 G1 S6 G1 S16 G1 S6 G1 S15 G1 S9 G1 S6 G1 S16 G1 S6 G1 S16 G1 S6 G1 S16 G1 S6 G1 ...+222,126,7,11.7,4.94,7:56; 17:51; 16:6,17,1.13,6030:890; 5940:447; 11970:81; 12060:42; 18000:3; 0:1,6030,14.9254,13.794,1.082018,12.19,7,,,
FP7oJQ-20260804-153236,FP7oJQ,20260804,153236,2,1,1706,1705,123.467,,6000,False,0,1560,144,1,0.0,0,0,0,0,144,10.8,11.0,18,0,0.0069,O1 G1 S10 G1 S6 G1 S16 G1 S6 G1 S16 G1 S6 G1 S16 G1 S6 G1 S16 G1 S6 G1 S16 G1 S6 G1 S16 G1 S5 G1 ...+259,144,12,11.85,3.03,12:79; 7:21; 17:20,18,1.2,6030:1033; 5940:527; 11970:86; 12060:54; 18000:4; 0:1,6030,14.9254,13.8094,1.080816,12.37,12,,,
FP7oJQ-20260804-153437,FP7oJQ,20260804,153437,2,1,1541,1540,111.333,,5999,False,0,1410,130,0,0.0,0,0,0,0,129,10.9,11,12,0,0.0078,S1 G1 S12 G1 S11 G1 S11 G1 S11 G1 S11 G1 S11 G1 S11 G1 S11 G1 S11 G1 S11 G1 S11 G1 S11 G1 S11 G1 S11 G1 ...+228,130,12,11.92,1.04,12:111; 13:9; 11:8,12,0.8,6030:931; 5940:479; 11970:78; 12060:52,6030,14.9254,13.8324,1.079017,12.66,12,,,
FP7oJQ-20260804-153853,FP7oJQ,20260804,153853,2,5,358,357,25.867,,6000,False,0,324,32,1,0.0,0,0,0,0,31,10.5,9,16,0,0.0312,O1 G1 S3 G1 S9 G1 S6 G1 S16 G1 S6 G1 S16 G1 S6 G1 S16 G1 S6 G1 S16 G1 S6 G1 S16 G1 S6 G1 S16 G1 ...+34,32,7,11.45,4.93,7:14; 17:12; 10:2,16,1.07,6030:216; 5940:108; 11970:21; 12060:11; 0:1,6030,14.9254,13.8014,1.081442,12.28,7,,,
FP7oJQ-20260804-154214,FP7oJQ,20260804,154214,2,7,1707,1706,123.467,,6000,False,0,1563,142,1,0.0,0,0,0,0,142,11.0,11.0,41,0,0.007,O1 G1 S5 G1 S16 G1 S6 G1 S16 G1 S6 G1 S16 G1 S6 G1 S16 G1 S6 G1 S16 G1 S6 G1 S16 G1 S6 G1 S16 G1 ...+255,142,12,12.04,3.95,12:76; 7:21; 17:20,41,2.73,6030:1040; 5940:523; 11970:89; 12060:48; 18000:5; 0:1,6030,14.9254,13.8175,1.080182,12.47,12,,,
FP7oJQ-20260804-154415,FP7oJQ,20260804,154415,2,7,534,533,38.467,,6000,False,0,490,43,0,0.0,0,0,0,0,43,11.4,11,41,0,0.0233,S4 G1 S11 G1 S11 G1 S11 G1 S11 G1 S11 G1 S11 G1 S10 G1 S12 G1 S11 G1 S11 G1 S11 G1 S11 G1 S11 G1 S11 G1 ...+56,43,12,12.57,4.76,12:34; 11:3; 13:3,41,2.73,6030:327; 5940:163; 11970:28; 12060:14; 18000:1,6030,14.9254,13.856,1.077175,12.96,12,,,
FP7oJQ-20260804-154645,FP7oJQ,20260804,154645,2,10,1708,1707,122.933,,6000,False,0,1568,138,1,0.0,0,0,0,0,138,11.4,11.0,41,0,0.0072,O1 G1 S5 G1 S11 G1 S11 G1 S11 G1 S11 G1 S11 G1 S11 G1 S11 G1 S11 G1 S11 G1 S11 G1 S11 G1 S10 G1 S12 G1 ...+247,138,12,12.39,3.59,12:112; 11:8; 13:8,41,2.73,6030:1045; 5940:523; 11970:92; 12060:46; 0:1,6030,14.9254,13.8856,1.07488,13.35,12,,,
FP7oJQ-20260804-154847,FP7oJQ,20260804,154847,2,10,1679,1678,120.867,,6000,False,0,1543,135,0,0.0,0,0,0,0,136,11.3,11.0,41,0,0.0074,S3 G1 S11 G1 S11 G1 S11 G1 S11 G1 S11 G1 S11 G1 S11 G1 S11 G1 S11 G1 S10 G1 S12 G1 S11 G1 S11 G1 S11 G1 ...+241,135,12,12.45,3.48,12:112; 11:9; 13:9,41,2.73,6030:1028; 5940:515; 11970:89; 12060:46,6030,14.9254,13.883,1.07508,13.32,12,,,
FP7oJQ-20260804-155048,FP7oJQ,20260804,155048,2,10,1650,1649,119.134,,6000,False,0,1511,138,0,0.0,0,0,0,0,138,10.9,11.0,12,0,0.0072,S4 G1 S11 G1 S11 G1 S11 G1 S11 G1 S11 G1 S11 G1 S11 G1 S11 G1 S11 G1 S10 G1 S12 G1 S11 G1 S11 G1 S11 G1 ...+246,138,12,12,0.36,12:119; 11:9; 13:9,12,0.8,6030:1008; 5940:503; 11970:92; 12060:46,6030,14.9254,13.8416,1.078302,12.77,12,,,
FP7oJQ-20260804-155247,FP7oJQ,20260804,155247,2,10,595,594,42.734,,6000,False,0,547,47,0,0.0,0,0,0,0,47,11.6,11,41,0,0.0213,S10 G1 S11 G1 S11 G1 S41 G1 S11 G1 S11 G1 S22 G1 S6 G1 S16 G1 S6 G1 S16 G1 S6 G1 S16 G1 S6 G1 S16 G1 ...+64,47,7,12.67,6.53,7:19; 17:16; 12:4,41,2.73,6030:365; 5940:182; 11970:31; 12060:16,6030,14.9254,13.8999,1.073773,13.56,7,,,
FP7oJQ-20260804-155446,FP7oJQ,20260804,155446,2,12,1707,1706,123.267,,6000,False,0,1562,143,1,0.0,0,0,0,0,142,11,11.0,12,0,0.007,O1 G1 S10 G1 S12 G1 S11 G1 S11 G1 S11 G1 S11 G1 S11 G1 S11 G1 S11 G1 S11 G1 S11 G1 S11 G1 S11 G1 S11 G1 ...+256,143,12,12,0.38,12:122; 11:10; 13:10,12,0.8,6030:1042; 5940:520; 11970:95; 12060:47; 0:1; 18000:1,6030,14.9254,13.8399,1.078433,12.75,12,,,
FP7oJQ-20260804-155647,FP7oJQ,20260804,155647,2,12,1650,1649,119.266,,6000,False,0,1511,138,0,0.0,0,0,0,0,139,10.9,11,22,0,0.0072,S10 G1 S11 G1 S11 G1 S11 G1 S11 G1 S11 G1 S11 G1 S11 G1 S10 G1 S12 G1 S11 G1 S11 G1 S11 G1 S11 G1 S11 G1 ...+247,138,12,11.93,3.41,12:67; 7:27; 17:25,22,1.47,6030:1006; 5940:505; 11970:90; 12060:46; 18000:2,6030,14.9254,13.8262,1.079496,12.58,12,,,
FP7oJQ-20260804-155847,FP7oJQ,20260804,155847,2,12,1651,1650,119.733,,6000,False,0,1511,139,0,0.0,0,0,0,0,140,10.8,11.0,18,0,0.0072,S1 G1 S15 G1 S9 G1 S6 G1 S16 G1 S6 G1 S16 G1 S6 G1 S16 G1 S6 G1 S16 G1 S6 G1 S16 G1 S6 G1 S16 G1 ...+249,139,12,11.91,2.36,12:94; 7:11; 17:9,18,1.2,6030:1007; 5940:504; 11970:88; 12060:44; 18000:7,6030,14.9254,13.7807,1.083066,12.04,12,,,
FP7oJQ-20260804-160046,FP7oJQ,20260804,160046,2,12,1030,1029,74.333,,6000,False,0,943,86,0,0.0,0,0,0,0,87,10.8,11,12,0,0.0116,S6 G1 S11 G1 S11 G1 S11 G1 S11 G1 S11 G1 S11 G1 S10 G1 S12 G1 S11 G1 S11 G1 S11 G1 S11 G1 S11 G1 S11 G1 ...+143,86,12,12,0.38,12:73; 11:6; 13:6,12,0.8,6030:629; 5940:314; 11970:58; 12060:28,6030,14.9254,13.8431,1.078181,12.79,12,,,
FP7oJQ-20260804-160252,FP7oJQ,20260804,160252,2,13,1578,1577,113.866,,6000,False,0,1445,131,1,0.0,0,0,0,0,130,11.1,11.0,41,0,0.0076,O1 G1 S2 G1 S11 G1 S11 G1 S11 G1 S11 G1 S11 G1 S11 G1 S11 G1 S11 G1 S11 G1 S11 G1 S11 G1 S11 G1 S11 G1 ...+232,131,12,12.12,2.83,12:111; 11:8; 13:8,41,2.73,6030:963; 5940:482; 11970:87; 12060:43; 0:1; 18000:1,6030,14.9254,13.8496,1.077674,12.87,12,,,
FP7oJQ-20260804-160500,FP7oJQ,20260804,160500,2,14,1707,1706,123.2,,6000,False,0,1562,143,1,0.0,0,0,0,0,143,10.9,11,12,0,0.007,O1 G1 S2 G1 S11 G1 S11 G1 S11 G1 S10 G1 S12 G1 S11 G1 S11 G1 S11 G1 S11 G1 S11 G1 S11 G1 S11 G1 S11 G1 ...+257,143,12,11.94,0.84,12:121; 11:10; 13:10,12,0.8,6030:1041; 5940:521; 11970:95; 12060:48; 0:1,6030,14.9254,13.8474,1.077846,12.85,12,,,
FP7oJQ-20260804-160701,FP7oJQ,20260804,160701,2,14,1650,1649,119.133,,6000,False,0,1511,138,0,0.0,0,0,0,0,139,10.9,11,12,0,0.0072,S1 G1 S11 G1 S11 G1 S11 G1 S11 G1 S11 G1 S11 G1 S11 G1 S11 G1 S11 G1 S11 G1 S11 G1 S10 G1 S12 G1 S11 G1 ...+247,138,12,12,0.36,12:119; 11:9; 13:9,12,0.8,6030:1007; 5940:504; 11970:92; 12060:46,6030,14.9254,13.8417,1.078293,12.77,12,,,
FP7oJQ-20260804-160900,FP7oJQ,20260804,160900,2,14,1680,1679,121.267,,6000,False,0,1539,140,0,0.0,0,0,0,0,141,10.9,11,12,0,0.0071,S7 G1 S11 G1 S11 G1 S11 G1 S11 G1 S11 G1 S11 G1 S11 G1 S11 G1 S10 G1 S12 G1 S11 G1 S11 G1 S11 G1 S11 G1 ...+251,140,12,12,0.36,12:121; 11:9; 13:9,12,0.8,6030:1026; 5940:513; 11970:93; 12060:47,6030,14.9254,13.8455,1.077996,12.82,12,,,
FP7oJQ-20260804-161102,FP7oJQ,20260804,161102,2,14,1650,1649,118.734,,6000,False,0,1517,132,0,0.0,0,0,0,0,133,11.4,11,81,0,0.0075,S7 G1 S11 G1 S11 G1 S11 G1 S10 G1 S12 G1 S11 G1 S11 G1 S11 G1 S11 G1 S11 G1 S11 G1 S11 G1 S11 G1 S11 G1 ...+235,132,12,12.5,6.46,12:92; 7:11; 17:10,81,5.4,6030:1013; 5940:504; 11970:89; 12060:43,6030,14.9254,13.8882,1.074681,13.39,12,,,
FP7oJQ-20260804-161300,FP7oJQ,20260804,161300,2,14,1650,1649,119.534,,6000,False,0,1508,141,0,0.0,0,0,0,0,142,10.6,8.0,17,0,0.0071,S1 G1 S16 G1 S6 G1 S16 G1 S6 G1 S16 G1 S6 G1 S16 G1 S6 G1 S16 G1 S6 G1 S16 G1 S6 G1 S16 G1 S6 G1 ...+253,141,7,11.73,4.9,7:63; 17:58; 16:6,17,1.13,6030:1005; 5940:503; 11970:91; 12060:47; 18000:3,6030,14.9254,13.7952,1.081922,12.21,7,,,
FP7oJQ-20260804-161500,FP7oJQ,20260804,161500,2,14,1679,1678,121.534,,6000,False,0,1535,143,0,0.0,0,0,0,0,144,10.7,8.0,16,0,0.007,S3 G1 S6 G1 S16 G1 S6 G1 S16 G1 S6 G1 S16 G1 S6 G1 S16 G1 S6 G1 S16 G1 S6 G1 S16 G1 S6 G1 S16 G1 ...+257,143,7,11.73,4.88,7:68; 17:60; 16:6,16,1.07,6030:1024; 5940:511; 11970:94; 12060:47; 18000:2,6030,14.9254,13.8068,1.081013,12.34,7,,,
FP7oJQ-20260804-161702,FP7oJQ,20260804,161702,2,14,1652,1651,119.8,,6000,False,0,1509,142,0,0.0,0,0,0,0,143,10.6,8,16,0,0.007,S7 G1 S6 G1 S16 G1 S6 G1 S15 G1 S9 G1 S6 G1 S16 G1 S6 G1 S16 G1 S6 G1 S16 G1 S6 G1 S16 G1 S5 G1 ...+255,142,7,11.64,4.85,7:66; 17:57; 16:7,16,1.07,6030:1007; 5940:502; 11970:93; 12060:45; 18000:4,6030,14.9254,13.7813,1.083016,12.05,7,,,
FP7oJQ-20260804-161902,FP7oJQ,20260804,161902,2,14,1648,1647,119.133,,6000,False,0,1508,139,0,0.0,0,0,0,0,140,10.8,9.0,16,0,0.0072,S3 G1 S16 G1 S6 G1 S16 G1 S6 G1 S16 G1 S6 G1 S16 G1 S6 G1 S16 G1 S6 G1 S15 G1 S9 G1 S6 G1 S16 G1 ...+249,139,7,11.8,4.89,7:64; 17:59; 16:6,16,1.07,6030:1005; 5940:503; 11970:92; 12060:46; 18000:1,6030,14.9254,13.8249,1.079602,12.56,7,,,
FP7oJQ-20260804-162101,FP7oJQ,20260804,162101,2,14,1652,1651,120.667,,6000,False,0,1506,145,0,0.0,0,0,0,0,146,10.3,8.0,18,0,0.0069,S1 G1 S6 G1 S16 G1 S5 G1 S8 G1 S6 G1 S16 G1 S5 G1 S8 G1 S6 G1 S16 G1 S6 G1 S16 G1 S6 G1 S16 G1 ...+261,145,7,11.42,4.88,7:59; 17:52; 6:10,18,1.2,6030:1004; 5940:502; 11970:87; 12060:44; 18000:14,6030,14.9254,13.6823,1.090854,11.01,7,,,
FP7oJQ-20260804-162301,FP7oJQ,20260804,162301,2,14,1649,1648,119.667,,6000,False,0,1507,141,0,0.0,0,0,0,0,141,10.7,9,18,0,0.0071,G1 S16 G1 S6 G1 S16 G1 S6 G1 S16 G1 S6 G1 S16 G1 S6 G1 S15 G1 S9 G1 S6 G1 S16 G1 S6 G1 S16 G1 S6 ...+252,141,7,11.7,4.88,7:64; 17:57; 16:6,18,1.2,6030:1004; 5940:503; 11970:89; 12060:46; 18000:6,6030,14.9254,13.7715,1.083783,11.94,7,,,
FP7oJQ-20260804-162501,FP7oJQ,20260804,162501,2,14,1650,1649,119.533,,6000,False,0,1509,140,0,0.0,0,0,0,0,141,10.7,11,18,0,0.0071,S5 G1 S9 G1 S6 G1 S16 G1 S6 G1 S16 G1 S6 G1 S16 G1 S6 G1 S16 G1 S6 G1 S16 G1 S6 G1 S16 G1 S6 G1 ...+251,140,12,11.81,3.61,12:55; 7:34; 17:30,18,1.2,6030:1006; 5940:503; 11970:91; 12060:45; 18000:4,6030,14.9254,13.7954,1.081913,12.21,12,,,
FP7oJQ-20260804-162701,FP7oJQ,20260804,162701,2,14,1650,1649,119.0,,6000,False,0,1513,136,0,0.0,0,0,0,0,137,11.0,11,22,0,0.0073,S10 G1 S11 G1 S11 G1 S11 G1 S11 G1 S11 G1 S11 G1 S11 G1 S11 G1 S11 G1 S11 G1 S11 G1 S11 G1 S11 G1 S10 G1 ...+243,136,12,12.02,3.08,12:78; 7:22; 17:20,22,1.47,6030:1008; 5940:505; 11970:90; 12060:46,6030,14.9254,13.8571,1.077089,12.97,12,,,
FP7oJQ-20260804-162900,FP7oJQ,20260804,162900,2,14,1680,1679,121.6,,6000,False,0,1537,142,0,0.0,0,0,0,0,141,10.9,11,18,0,0.0071,G1 S6 G1 S15 G1 S9 G1 S6 G1 S16 G1 S6 G1 S16 G1 S6 G1 S16 G1 S6 G1 S16 G1 S6 G1 S16 G1 S6 G1 S16 ...+253,142,12,11.9,2.72,12:85; 7:18; 17:16,18,1.2,6030:1024; 5940:513; 11970:92; 12060:47; 18000:3,6030,14.9254,13.8076,1.080956,12.35,12,,,
FP7oJQ-20260804-163102,FP7oJQ,20260804,163102,2,14,2519,2518,119.333,3000,6000,True,1612,833,73,0,0.6402,34,47.4,15.0,370,102,8.2,6.0,24,62,0.0096,S10 G1 S11 G1 S11 G1 S11 G1 S11 G1 S11 G1 S11 G1 S11 G1 S9 F194 G1 S17 G1 S11 G1 S11 G1 S11 G1 S11 G1 S11 ...+179,73,7,34.5,96.88,7:22; 17:18; 12:13,700,23.33,2970:1078; 6030:559; 3060:534; 5940:274; 11970:44; 12060:21,2970,30.303,21.1006,1.436121,2.29,7,,,
FP7oJQ-20260804-163300,FP7oJQ,20260804,163300,2,14,3540,3539,118.766,3000,,False,3515,0,24,0,0.9932,25,140.6,17,1183,0,0,0,0,0,0.0408,F220 G1 F66 G1 F5 G1 F43 G1 F15 G1 F17 G1 F913 G1 F20 G1 F15 G1 F17 G1 F1183 G1 F590 G1 F15 G1 F17 G1 F13 G1 ...+19,24,16,144.04,313.11,16:5; 18:4; 36:3,1183,39.43,2970:2345; 3060:1170; 6030:17; 5940:7,2970,30.303,29.7981,1.016945,59.01,16,,,
FP7oJQ-20260804-163459,FP7oJQ,20260804,163459,2,14,3540,3539,119.133,3000,,False,3504,0,35,0,0.9901,36,97.3,17.0,673,0,0,0,0,0,0.0282,F37 G1 F65 G1 F15 G1 F122 G1 F523 G1 F20 G1 F15 G1 F17 G1 F208 G1 F245 G1 F15 G1 F17 G1 F13 G1 F20 G1 F15 G1 ...+41,35,16,100,172.56,16:9; 18:6; 21:2,673,22.43,2970:2340; 3060:1164; 6030:27; 5940:8,2970,30.303,29.7063,1.020088,49.78,16,,,
FP7oJQ-20260804-163659,FP7oJQ,20260804,163659,2,14,989,988,32.934,3000,,False,988,0,0,0,1.0,1,988,988,988,0,0,0,0,0,1.0,,0,,,,,988,32.93,2970:658; 3060:330,2970,30.303,29.9994,1.010121,98.8,,,,
FP7oJQ-20260805-061240,FP7oJQ,20260805,061240,2,1,328,327,23.067,,5999,False,0,306,20,1,0.0,0,0,0,0,20,15.3,15.0,35,0,0.0488,O1 G1 S1 G1 S35 G1 S15 G1 S9 G1 S19 G1 S17 G1 S13 G1 S20 G1 S15 G1 S9 G1 S19 G1 S17 G1 S13 G1 S20 G1 ...+11,20,16,16.53,6.75,16:3; 10:3; 20:3,35,2.33,6030:200; 5940:106; 12060:11; 11970:9; 0:1,6030,14.9254,14.1761,1.052855,18.92,16,,,
FP7oJQ-20260805-061301,FP7oJQ,20260805,061301,2,1,299,298,20.866,,5999,False,0,283,15,0,0.0,0,0,0,0,16,17.7,15.0,50,0,0.0645,S8 G1 S15 G1 S9 G1 S19 G1 S17 G1 S13 G1 S50 G1 S15 G1 S39 G1 S19 G1 S17 G1 S13 G1 S20 G1 S15 G1 S9 G1 ...+1,15,16,20.29,11.4,16:3; 10:2; 20:2,50,3.33,6030:186; 5940:97; 11970:8; 12060:7,6030,14.9254,14.2816,1.045077,22.18,16,,,
FP7oJQ-20260805-061322,FP7oJQ,20260805,061322,2,1,183,182,12.867,,5999,False,0,171,11,0,0.0,0,0,0,0,11,15.5,15,20,0,0.0909,S13 G1 S17 G1 S13 G1 S20 G1 S15 G1 S9 G1 S19 G1 S17 G1 S13 G1 S20 G1 S15 G1,11,18,16.8,3.52,18:2; 14:2; 21:2,20,1.33,6030:112; 5940:59; 12060:6; 11970:5,6030,14.9254,14.1447,1.055191,18.12,18,,,
FP7oJQ-20260805-061439,FP7oJQ,20260805,061439,2,1,327,326,22.867,,6000,False,0,308,17,1,0.0,0,0,0,0,17,18.1,17,43,0,0.0571,O1 G1 S14 G1 S9 G1 S19 G1 S17 G1 S13 G1 S20 G1 S15 G1 S24 G1 S19 G1 S17 G1 S43 G1 S20 G1 S15 G1 S17 G1 ...+5,17,18,19.44,7.48,18:3; 21:3; 20:2,43,2.87,6030:204; 5940:104; 11970:9; 12060:7; 0:1; 18000:1,6030,14.9254,14.2564,1.046928,21.31,18,,,
FP7oJQ-20260805-061500,FP7oJQ,20260805,061500,2,1,270,269,19.0,,6000,False,0,253,16,0,0.0,0,0,0,0,17,14.9,15,35,0,0.0606,S1 G1 S10 G1 S20 G1 S15 G1 S17 G1 S13 G1 S20 G1 S15 G1 S25 G1 S35 G1 S15 G1 S16 G1 S8 G1 S12 G1 S17 G1 ...+3,16,16,17.73,6.57,16:3; 21:2; 18:2,35,2.33,6030:169; 5940:84; 11970:11; 12060:5,6030,14.9254,14.1579,1.054209,18.45,16,,,
FP7oJQ-20260805-061519,FP7oJQ,20260805,061519,2,1,243,242,16.933,,6000,False,0,230,12,0,0.0,0,0,0,0,13,17.7,15,50,0,0.08,S18 G1 S15 G1 S10 G1 S20 G1 S15 G1 S17 G1 S13 G1 S50 G1 S15 G1 S10 G1 S20 G1 S15 G1 S12,12,16,19.18,11.05,16:4; 11:2; 21:2,50,3.33,6030:154; 5940:76; 11970:9; 12060:3,6030,14.9254,14.2916,1.044344,22.55,16,,,
FP7oJQ-20260805-062053,FP7oJQ,20260805,062053,2,1,327,326,23.067,,5999,False,0,306,20,0,0.0,0,0,0,0,21,14.6,15,20,0,0.0488,S1 G1 S11 G1 S17 G1 S13 G1 S20 G1 S15 G1 S9 G1 S19 G1 S17 G1 S13 G1 S20 G1 S15 G1 S9 G1 S19 G1 S17 G1 ...+11,20,18,16.26,3.87,18:3; 14:3; 21:3,20,1.33,6030:202; 5940:104; 11970:11; 12060:9,6030,14.9254,14.1327,1.056085,17.83,18,,,
FP7oJQ-20260805-062115,FP7oJQ,20260805,062115,2,1,270,269,19.066,,5999,False,0,252,17,0,0.0,0,0,0,0,18,14,15.0,20,0,0.0571,S1 G1 S13 G1 S20 G1 S15 G1 S9 G1 S19 G1 S17 G1 S13 G1 S20 G1 S15 G1 S9 G1 S19 G1 S17 G1 S13 G1 S20 G1 ...+5,17,14,16.19,3.95,14:3; 21:3; 16:3,20,1.33,6030:164; 5940:88; 12060:9; 11970:8,6030,14.9254,14.1089,1.05787,17.28,14,,,
FP7oJQ-20260805-062134,FP7oJQ,20260805,062134,2,1,236,235,16.6,,5999,False,0,221,14,0,0.0,0,0,0,0,15,14.7,15,20,0,0.069,S10 G1 S17 G1 S13 G1 S20 G1 S15 G1 S9 G1 S19 G1 S17 G1 S13 G1 S20 G1 S15 G1 S9 G1 S19 G1 S17 G1 S8,14,18,16.62,3.75,18:3; 14:2; 21:2,20,1.33,6030:145; 5940:76; 11970:7; 12060:7,6030,14.9254,14.1566,1.054303,18.42,18,,,
FP7oJQ-20260805-062422,FP7oJQ,20260805,062422,2,1,328,327,23.133,,5999,False,0,305,21,1,0.0,0,0,0,0,21,14.5,15,20,0,0.0465,O1 G1 S5 G1 S9 G1 S19 G1 S17 G1 S13 G1 S20 G1 S15 G1 S9 G1 S19 G1 S17 G1 S13 G1 S20 G1 S15 G1 S9 G1 ...+13,21,10,15.65,4.52,10:4; 20:3; 18:3,20,1.33,6030:200; 5940:105; 11970:11; 12060:10; 0:1,6030,14.9254,14.1357,1.055867,17.9,10,,,
FP7oJQ-20260805-062443,FP7oJQ,20260805,062443,2,1,269,268,18.933,,5999,False,0,252,16,0,0.0,0,0,0,0,17,14.8,15,20,0,0.0606,S6 G1 S17 G1 S13 G1 S20 G1 S15 G1 S9 G1 S19 G1 S17 G1 S13 G1 S20 G1 S15 G1 S9 G1 S19 G1 S17 G1 S13 G1 ...+3,16,18,16.73,3.73,18:3; 14:3; 21:3,20,1.33,6030:165; 5940:87; 11970:8; 12060:8,6030,14.9254,14.1552,1.054411,18.38,18,,,
FP7oJQ-20260805-062502,FP7oJQ,20260805,062502,2,1,237,236,16.733,,5999,False,0,221,15,0,0.0,0,0,0,0,16,13.8,15.0,20,0,0.0645,S4 G1 S9 G1 S19 G1 S17 G1 S13 G1 S20 G1 S15 G1 S9 G1 S19 G1 S17 G1 S13 G1 S20 G1 S15 G1 S9 G1 S19 G1 ...+1,15,10,16.29,4.12,10:3; 20:3; 18:2,20,1.33,6030:145; 5940:76; 11970:8; 12060:7,6030,14.9254,14.1039,1.058247,17.17,10,,,
FP7oJQ-20260805-062747,FP7oJQ,20260805,062747,2,1,328,327,23.133,,5999,False,0,306,20,1,0.0,0,0,0,0,20,15.3,16.0,20,0,0.0488,O1 G1 S17 G1 S13 G1 S20 G1 S15 G1 S9 G1 S19 G1 S17 G1 S13 G1 S20 G1 S15 G1 S9 G1 S19 G1 S17 G1 S13 G1 ...+11,20,18,16.58,3.75,18:4; 14:3; 21:3,20,1.33,6030:200; 5940:106; 12060:10; 11970:9; 0:1; 18000:1,6030,14.9254,14.1357,1.055867,17.9,18,,,
FP7oJQ-20260805-062809,FP7oJQ,20260805,062809,2,1,269,268,19.0,,5999,False,0,251,17,0,0.0,0,0,0,0,17,14.8,15,20,0,0.0588,S2 G1 S20 G1 S15 G1 S9 G1 S19 G1 S17 G1 S13 G1 S20 G1 S15 G1 S9 G1 S19 G1 S17 G1 S13 G1 S20 G1 S15 G1 ...+4,17,21,16.56,4.02,21:3; 16:3; 10:3,20,1.33,6030:165; 5940:86; 11970:9; 12060:8,6030,14.9254,14.1053,1.058142,17.2,21,,,
FP7oJQ-20260805-062828,FP7oJQ,20260805,062828,2,1,237,236,16.666,,5998,False,0,222,14,0,0.0,0,0,0,0,15,14.8,15,20,0,0.069,S16 G1 S13 G1 S20 G1 S15 G1 S9 G1 S19 G1 S17 G1 S13 G1 S20 G1 S15 G1 S9 G1 S19 G1 S17 G1 S13 G1 S7,14,14,16.31,3.79,14:3; 21:2; 16:2,20,1.33,6030:144; 5940:78; 12060:8; 11970:6,6030,14.9254,14.1606,1.05401,18.52,14,,,
FP7oJQ-20260805-063206,FP7oJQ,20260805,063206,2,1,327,326,22.933,,5999,False,0,306,19,1,0.0,0,0,0,0,19,16.1,17,28,0,0.0513,O1 G1 S11 G1 S17 G1 S13 G1 S20 G1 S15 G1 S9 G1 S19 G1 S17 G1 S13 G1 S20 G1 S15 G1 S9 G1 S19 G1 S17 G1 ...+9,19,18,17.33,4.58,18:4; 21:3; 16:3,28,1.87,6030:201; 5940:105; 11970:10; 12060:9; 0:1,6030,14.9254,14.2153,1.04995,20.02,18,,,
FP7oJQ-20260805-063227,FP7oJQ,20260805,063227,2,1,270,269,19.067,,6001,False,0,252,17,0,0.0,0,0,0,0,17,14.8,15,20,0,0.0588,G1 S20 G1 S15 G1 S10 G1 S20 G1 S15 G1 S17 G1 S13 G1 S20 G1 S15 G1 S10 G1 S20 G1 S15 G1 S16 G1 S8 G1 S12 ...+4,17,21,16.19,3.83,21:4; 16:4; 11:2,20,1.33,6030:170; 5940:82; 11970:13; 12060:4,6030,14.9254,14.1081,1.057926,17.26,21,,,
FP7oJQ-20260805-063246,FP7oJQ,20260805,063246,2,1,225,224,15.867,,6000,False,0,210,14,0,0.0,0,0,0,0,14,15,15.0,20,0,0.0714,S3 G1 S20 G1 S15 G1 S10 G1 S20 G1 S15 G1 S17 G1 S13 G1 S20 G1 S15 G1 S10 G1 S20 G1 S15 G1 S17 G1,14,21,16.92,3.55,21:4; 16:4; 11:2,20,1.33,6030:141; 5940:69; 11970:10; 12060:4,6030,14.9254,14.1174,1.057236,17.47,21,,,
FP7oJQ-20260805-063714,FP7oJQ,20260805,063714,2,1,327,326,23.067,,5999,False,0,304,21,1,0.0,0,0,0,0,21,14.5,15,20,0,0.0465,O1 G1 S3 G1 S19 G1 S17 G1 S13 G1 S20 G1 S15 G1 S9 G1 S19 G1 S17 G1 S13 G1 S20 G1 S15 G1 S9 G1 S19 G1 ...+13,21,20,16.05,4.67,20:4; 18:3; 14:3,20,1.33,6030:200; 5940:104; 11970:11; 12060:10; 0:1,6030,14.9254,14.1327,1.056085,17.83,20,,,
FP7oJQ-20260805-063735,FP7oJQ,20260805,063735,2,1,270,269,19.0,,5999,False,0,253,16,0,0.0,0,0,0,0,17,14.9,15,20,0,0.0606,S13 G1 S13 G1 S20 G1 S15 G1 S9 G1 S19 G1 S17 G1 S13 G1 S20 G1 S15 G1 S9 G1 S19 G1 S17 G1 S13 G1 S20 G1 ...+3,16,14,16.6,3.72,14:3; 21:3; 16:3,20,1.33,6030:165; 5940:88; 12060:9; 11970:7,6030,14.9254,14.1579,1.054209,18.45,14,,,
FP7oJQ-20260805-063754,FP7oJQ,20260805,063754,2,1,223,222,15.734,,6000,False,0,208,14,0,0.0,0,0,0,0,15,13.9,15,20,0,0.069,S2 G1 S19 G1 S17 G1 S13 G1 S20 G1 S15 G1 S9 G1 S19 G1 S17 G1 S13 G1 S20 G1 S15 G1 S9 G1 S19 G1 S1,14,20,16.77,3.85,20:3; 18:2; 14:2,20,1.33,6030:138; 5940:70; 11970:8; 12060:6,6030,14.9254,14.1096,1.057819,17.3,20,,,
FP7oJQ-20260805-064117,FP7oJQ,20260805,064117,2,1,327,326,23.067,,5999,False,0,304,21,1,0.0,0,0,0,0,21,14.5,15,20,0,0.0465,O1 G1 S1 G1 S20 G1 S15 G1 S9 G1 S19 G1 S17 G1 S13 G1 S20 G1 S15 G1 S9 G1 S19 G1 S17 G1 S13 G1 S20 G1 ...+13,21,21,16,5.01,21:4; 16:3; 10:3,20,1.33,6030:199; 5940:105; 12060:11; 11970:10; 0:1,6030,14.9254,14.1327,1.056085,17.83,21,,,
FP7oJQ-20260805-064139,FP7oJQ,20260805,064139,2,1,271,270,19.066,,5999,False,0,254,16,0,0.0,0,0,0,0,17,14.9,15,20,0,0.0606,S10 G1 S9 G1 S19 G1 S17 G1 S13 G1 S20 G1 S15 G1 S9 G1 S19 G1 S17 G1 S13 G1 S20 G1 S15 G1 S9 G1 S19 G1 ...+3,16,10,16.4,4.0,10:3; 20:3; 18:3,20,1.33,6030:166; 5940:88; 12060:8; 11970:8,6030,14.9254,14.1613,1.053952,18.53,10,,,
FP7oJQ-20260805-064158,FP7oJQ,20260805,064158,2,1,222,221,15.6,,5999,False,0,208,13,0,0.0,0,0,0,0,14,14.9,16.0,20,0,0.0741,S20 G1 S15 G1 S9 G1 S19 G1 S17 G1 S13 G1 S20 G1 S15 G1 S9 G1 S19 G1 S17 G1 S13 G1 S20 G1 S2,13,16,16.5,3.9,16:2; 10:2; 20:2,20,1.33,6030:137; 5940:71; 11970:7; 12060:6,6030,14.9254,14.1667,1.053556,18.67,16,,,
FP7oJQ-20260805-064331,FP7oJQ,20260805,064331,2,1,327,326,23.0,,5999,False,0,305,20,1,0.0,0,0,0,0,20,15.2,15.5,20,0,0.0488,O1 G1 S16 G1 S15 G1 S9 G1 S19 G1 S17 G1 S13 G1 S20 G1 S15 G1 S9 G1 S19 G1 S17 G1 S13 G1 S20 G1 S15 G1 ...+11,20,16,16.53,3.73,16:3; 10:3; 20:3,20,1.33,6030:201; 5940:104; 11970:11; 12060:9; 0:1,6030,14.9254,14.1739,1.053017,18.86,16,,,
FP7oJQ-20260805-064352,FP7oJQ,20260805,064352,2,1,270,269,19.066,,5999,False,0,252,17,0,0.0,0,0,0,0,18,14,15.0,20,0,0.0571,S4 G1 S9 G1 S19 G1 S17 G1 S13 G1 S20 G1 S15 G1 S9 G1 S19 G1 S17 G1 S13 G1 S20 G1 S15 G1 S9 G1 S19 G1 ...+5,17,10,16.25,3.91,10:3; 20:3; 18:3,20,1.33,6030:164; 5940:88; 12060:9; 11970:8,6030,14.9254,14.1089,1.05787,17.28,10,,,
FP7oJQ-20260805-064411,FP7oJQ,20260805,064411,2,1,221,220,15.533,,5999,False,0,207,13,0,0.0,0,0,0,0,14,14.8,15.0,20,0,0.0741,S15 G1 S15 G1 S9 G1 S19 G1 S17 G1 S13 G1 S20 G1 S15 G1 S9 G1 S19 G1 S17 G1 S13 G1 S20 G1 S6,13,16,16.5,3.9,16:2; 10:2; 20:2,20,1.33,6030:136; 5940:71; 11970:7; 12060:6,6030,14.9254,14.1634,1.053799,18.59,16,,,
FP7oJQ-20260805-064608,FP7oJQ,20260805,064608,2,1,328,327,23.067,,5999,False,0,306,20,1,0.0,0,0,0,0,20,15.3,15.0,20,0,0.0488,O1 G1 S14 G1 S17 G1 S13 G1 S20 G1 S15 G1 S9 G1 S19 G1 S17 G1 S13 G1 S20 G1 S15 G1 S9 G1 S19 G1 S17 G1 ...+11,20,18,16.42,3.75,18:3; 14:3; 21:3,20,1.33,6030:202; 5940:104; 11970:11; 12060:9; 0:1,6030,14.9254,14.1761,1.052855,18.92,18,,,
FP7oJQ-20260805-064630,FP7oJQ,20260805,064630,2,1,269,268,19.0,,5999,False,0,251,17,0,0.0,0,0,0,0,18,13.9,15.0,20,0,0.0571,S3 G1 S13 G1 S20 G1 S15 G1 S9 G1 S19 G1 S17 G1 S13 G1 S20 G1 S15 G1 S9 G1 S19 G1 S17 G1 S13 G1 S20 G1 ...+5,17,14,16.19,3.95,14:3; 21:3; 16:3,20,1.33,6030:164; 5940:87; 12060:9; 11970:8,6030,14.9254,14.1053,1.058142,17.2,14,,,
FP7oJQ-20260805-064649,FP7oJQ,20260805,064649,2,1,238,237,16.733,,5999,False,0,223,14,0,0.0,0,0,0,0,15,14.9,15,20,0,0.069,S13 G1 S17 G1 S13 G1 S20 G1 S15 G1 S9 G1 S19 G1 S17 G1 S13 G1 S20 G1 S15 G1 S9 G1 S19 G1 S17 G1 S7,14,18,16.62,3.75,18:3; 14:2; 21:2,20,1.33,6030:146; 5940:77; 11970:7; 12060:7,6030,14.9254,14.1636,1.053782,18.59,18,,,
FP7oJQ-20260805-064907,FP7oJQ,20260805,064907,2,1,327,326,23.0,,5999,False,0,305,20,1,0.0,0,0,0,0,20,15.2,15.5,20,0,0.0488,O1 G1 S16 G1 S15 G1 S9 G1 S19 G1 S17 G1 S13 G1 S20 G1 S15 G1 S9 G1 S19 G1 S17 G1 S13 G1 S20 G1 S15 G1 ...+11,20,16,16.53,3.73,16:3; 10:3; 20:3,20,1.33,6030:201; 5940:104; 11970:11; 12060:9; 0:1,6030,14.9254,14.1739,1.053017,18.86,16,,,
FP7oJQ-20260805-064928,FP7oJQ,20260805,064928,2,1,271,270,19.133,,5999,False,0,253,17,0,0.0,0,0,0,0,18,14.1,15.0,20,0,0.0571,S4 G1 S9 G1 S19 G1 S17 G1 S13 G1 S20 G1 S15 G1 S9 G1 S19 G1 S17 G1 S13 G1 S20 G1 S15 G1 S9 G1 S19 G1 ...+5,17,10,16.25,3.91,10:3; 20:3; 18:3,20,1.33,6030:165; 5940:88; 12060:9; 11970:8,6030,14.9254,14.1117,1.057656,17.34,10,,,
FP7oJQ-20260805-064948,FP7oJQ,20260805,064948,2,1,236,235,16.733,,5999,False,0,220,15,0,0.0,0,0,0,0,15,14.7,15,20,0,0.0667,S14 G1 S15 G1 S9 G1 S19 G1 S17 G1 S13 G1 S20 G1 S15 G1 S9 G1 S19 G1 S17 G1 S13 G1 S20 G1 S15 G1 S5 G1,15,16,15.71,4.55,16:3; 10:2; 20:2,20,1.33,6030:145; 5940:75; 11970:8; 12060:6; 18000:1,6030,14.9254,14.0441,1.06275,15.94,16,,,
FP7oJQ-20260805-065321,FP7oJQ,20260805,065321,2,1,327,326,23.066,,5999,False,0,305,20,1,0.0,0,0,0,0,20,15.2,16.0,20,0,0.0488,O1 G1 S9 G1 S19 G1 S17 G1 S13 G1 S20 G1 S15 G1 S9 G1 S19 G1 S17 G1 S13 G1 S20 G1 S15 G1 S9 G1 S19 G1 ...+11,20,10,16.16,4.02,10:4; 20:3; 18:3,20,1.33,6030:200; 5940:105; 11970:10; 12060:9; 0:1; 18000:1,6030,14.9254,14.1334,1.056039,17.84,10,,,
FP7oJQ-20260805-065343,FP7oJQ,20260805,065343,2,1,270,269,19.067,,5999,False,0,252,17,0,0.0,0,0,0,0,17,14.8,15,20,0,0.0588,S1 G1 S17 G1 S13 G1 S20 G1 S15 G1 S9 G1 S19 G1 S17 G1 S13 G1 S20 G1 S15 G1 S9 G1 S19 G1 S17 G1 S13 G1 ...+4,17,18,16.69,3.61,18:3; 14:3; 21:3,20,1.33,6030:165; 5940:87; 12060:9; 11970:8,6030,14.9254,14.1081,1.057926,17.26,18,,,
FP7oJQ-20260805-065402,FP7oJQ,20260805,065402,2,1,232,231,16.667,,6000,False,0,216,15,0,0.0,0,0,0,0,16,13.5,15.0,20,0,0.0645,S8 G1 S19 G1 S17 G1 S13 G1 S20 G1 S15 G1 S9 G1 S19 G1 S17 G1 S13 G1 S20 G1 S15 G1 S5 G1 S17 G1 S4 G1 ...+1,15,18,15.5,5.23,18:3; 20:2; 14:2,20,1.33,6030:143; 5940:73; 11970:6; 12060:5; 18000:4,6030,14.9254,13.8597,1.076888,13.01,18,,,
FP7oJQ-20260805-065532,FP7oJQ,20260805,065532,2,1,327,326,23.0,,6000,False,0,305,20,1,0.0,0,0,0,0,20,15.2,15.0,20,0,0.0488,O1 G1 S11 G1 S10 G1 S20 G1 S15 G1 S17 G1 S13 G1 S20 G1 S15 G1 S10 G1 S20 G1 S15 G1 S17 G1 S13 G1 S20 G1 ...+11,20,21,16.21,3.66,21:4; 16:4; 18:3,20,1.33,6030:202; 5940:103; 11970:12; 12060:8; 0:1,6030,14.9254,14.1739,1.053017,18.86,21,,,
FP7oJQ-20260805-065553,FP7oJQ,20260805,065553,2,1,271,270,19.133,,5999,False,0,253,17,0,0.0,0,0,0,0,18,14.1,15.0,20,0,0.0571,S3 G1 S15 G1 S9 G1 S19 G1 S17 G1 S13 G1 S20 G1 S15 G1 S9 G1 S19 G1 S17 G1 S13 G1 S20 G1 S15 G1 S9 G1 ...+5,17,16,16.38,3.86,16:3; 10:3; 20:3,20,1.33,6030:166; 5940:87; 11970:9; 12060:8,6030,14.9254,14.1117,1.057656,17.34,16,,,
FP7oJQ-20260805-065613,FP7oJQ,20260805,065613,2,1,237,236,16.667,,5999,False,0,222,14,0,0.0,0,0,0,0,15,14.8,15,20,0,0.069,S8 G1 S20 G1 S15 G1 S9 G1 S19 G1 S17 G1 S13 G1 S20 G1 S15 G1 S9 G1 S19 G1 S17 G1 S13 G1 S20 G1 S8,14,21,16.85,3.93,21:3; 16:2; 10:2,20,1.33,6030:146; 5940:76; 12060:7; 11970:7,6030,14.9254,14.1597,1.054073,18.49,21,,,
FP7oJQ-20260805-065844,FP7oJQ,20260805,065844,2,1,327,326,23.067,,6000,False,0,304,21,1,0.0,0,0,0,0,21,14.5,15,20,0,0.0465,O1 G1 S10 G1 S15 G1 S10 G1 S20 G1 S15 G1 S16 G1 S8 G1 S12 G1 S17 G1 S13 G1 S20 G1 S15 G1 S10 G1 S20 G1 ...+13,21,16,15.55,3.78,16:5; 11:4; 21:4,20,1.33,6030:201; 5940:103; 11970:12; 12060:9; 0:1,6030,14.9254,14.1327,1.056085,17.83,16,,,
FP7oJQ-20260805-065906,FP7oJQ,20260805,065906,2,1,270,269,19.233,,6000,False,0,249,19,1,0.0,0,0,0,0,20,12.4,14.0,20,0,0.05,S6 G1 S15 G1 S17 G1 S13 G1 S20 G1 S15 G1 S10 G1 S20 G1 S15 G1 S17 G1 S13 G1 S20 G1 S7 G1 O1 S1 G1 S15 ...+10,19,16,14.06,5.38,16:4; 21:3; 18:2,20,1.33,6030:165; 5940:84; 11970:12; 12060:7; 9000:1,6030,14.9254,13.9864,1.067136,14.9,16,,,
FP7oJQ-20260805-065925,FP7oJQ,20260805,065925,2,1,216,215,15.533,,6000,False,0,197,18,0,0.0,0,0,0,0,19,10.4,6,16,0,0.0541,S6 G1 S6 G1 S16 G1 S6 G1 S16 G1 S6 G1 S16 G1 S6 G1 S16 G1 S6 G1 S16 G1 S6 G1 S16 G1 S6 G1 S16 G1 ...+7,18,7,11.71,5.14,7:9; 17:8,16,1.07,6030:131; 5940:66; 11970:12; 12060:6,6030,14.9254,13.8415,1.078306,12.77,7,,,
FP7oJQ-20260805-071104,FP7oJQ,20260805,071104,2,1,327,326,23.534,,6000,False,0,297,28,1,0.0,0,0,0,0,28,10.6,11.0,12,0,0.0351,O1 G1 S2 G1 S11 G1 S11 G1 S11 G1 S11 G1 S11 G1 S11 G1 S11 G1 S11 G1 S11 G1 S11 G1 S11 G1 S11 G1 S10 G1 ...+27,28,12,11.67,1.75,12:24; 3:1; 11:1,12,0.8,6030:198; 5940:99; 11970:18; 12060:10; 0:1,6030,14.9254,13.8523,1.077465,12.91,12,,,
FP7oJQ-20260805-071125,FP7oJQ,20260805,071125,2,1,270,269,19.467,,6000,False,0,246,23,0,0.0,0,0,0,0,24,10.2,11.0,12,0,0.0426,S1 G1 S10 G1 S12 G1 S11 G1 S11 G1 S11 G1 S11 G1 S11 G1 S11 G1 S11 G1 S11 G1 S11 G1 S11 G1 S11 G1 S11 G1 ...+17,23,12,12,0.44,12:18; 11:2; 13:2,12,0.8,6030:165; 5940:81; 11970:16; 12060:7,6030,14.9254,13.8183,1.08012,12.48,12,,,
FP7oJQ-20260805-071145,FP7oJQ,20260805,071145,2,1,220,219,15.8,,6000,False,0,201,18,0,0.0,0,0,0,0,19,10.6,11,12,0,0.0541,S7 G1 S11 G1 S11 G1 S11 G1 S11 G1 S11 G1 S11 G1 S11 G1 S10 G1 S12 G1 S11 G1 S11 G1 S11 G1 S11 G1 S11 G1 ...+7,18,12,12,0.35,12:15; 11:1; 13:1,12,0.8,6030:134; 5940:67; 11970:12; 12060:6,6030,14.9254,13.8608,1.076808,13.02,12,,,
FP7oJQ-20260805-081347,FP7oJQ,20260805,081347,2,1,327,326,23.533,,6001,False,0,297,28,1,0.0,0,0,0,0,28,10.6,11.0,12,0,0.0351,O1 G1 S8 G1 S10 G1 S12 G1 S11 G1 S11 G1 S11 G1 S11 G1 S11 G1 S11 G1 S11 G1 S11 G1 S11 G1 S11 G1 S11 G1 ...+27,28,12,11.89,0.7,12:22; 11:2; 13:2,12,0.8,6030:200; 5940:97; 11970:21; 12060:7; 0:1,6030,14.9254,13.8529,1.07742,12.92,12,,,
FP7oJQ-20260805-081408,FP7oJQ,20260805,081408,2,1,269,268,19.333,,6001,False,0,246,22,0,0.0,0,0,0,0,23,10.7,11,12,0,0.0444,S7 G1 S11 G1 S11 G1 S11 G1 S10 G1 S12 G1 S11 G1 S11 G1 S11 G1 S11 G1 S11 G1 S11 G1 S11 G1 S11 G1 S11 G1 ...+15,22,12,12,0.45,12:17; 11:2; 13:2,12,0.8,6030:166; 5940:80; 11970:17; 12060:5,6030,14.9254,13.8623,1.076687,13.04,12,,,
FP7oJQ-20260805-081428,FP7oJQ,20260805,081428,2,1,221,220,15.933,,6000,False,0,201,19,0,0.0,0,0,0,0,20,10.1,11.0,12,0,0.0513,S2 G1 S11 G1 S11 G1 S11 G1 S11 G1 S11 G1 S11 G1 S11 G1 S11 G1 S11 G1 S11 G1 S11 G1 S10 G1 S12 G1 S11 G1 ...+9,19,12,12,0.34,12:16; 11:1; 13:1,12,0.8,6030:134; 5940:67; 11970:13; 12060:6,6030,14.9254,13.8078,1.080936,12.36,12,,,
FP7oJQ-20260805-112725,FP7oJQ,20260805,112725,4,1,303,302,21.8,,6000,False,0,275,26,1,0.0,0,0,0,0,27,10.2,7,16,0,0.037,S1 O1 G1 S7 G1 S6 G1 S16 G1 S6 G1 S16 G1 S6 G1 S16 G1 S6 G1 S16 G1 S6 G1 S16 G1 S6 G1 S16 G1 S6 ...+24,26,7,11.52,4.92,7:12; 17:10; 8:1,16,1.07,6030:184; 5940:91; 11970:18; 12060:8; 0:1,6030,14.9254,13.8532,1.077394,12.92,7,False,0.067,
FP7oJQ-20260805-112745,FP7oJQ,20260805,112745,4,1,270,269,19.466,,6000,False,0,246,23,0,0.0,0,0,0,0,24,10.2,7.0,16,0,0.0426,S4 G1 S6 G1 S16 G1 S6 G1 S16 G1 S6 G1 S16 G1 S6 G1 S16 G1 S6 G1 S16 G1 S6 G1 S16 G1 S6 G1 S15 G1 ...+17,23,7,11.64,4.96,7:11; 17:9; 16:1,16,1.07,6030:163; 5940:83; 11970:15; 12060:8,6030,14.9254,13.819,1.080064,12.49,7,False,0.067,
FP7oJQ-20260805-112805,FP7oJQ,20260805,112805,4,1,244,243,17.6,,6000,False,0,222,21,0,0.0,0,0,0,0,22,10.1,6.5,16,0,0.0465,S7 G1 S6 G1 S16 G1 S6 G1 S16 G1 S6 G1 S16 G1 S6 G1 S16 G1 S6 G1 S16 G1 S6 G1 S15 G1 S9 G1 S6 G1 ...+13,21,7,11.6,4.96,7:10; 17:8; 16:1,16,1.07,6030:148; 5940:74; 11970:14; 12060:7,6030,14.9254,13.8068,1.081015,12.34,7,False,0.067,
FP7oJQ-20260805-121457,FP7oJQ,20260805,121457,4,1,303,302,21.8,,6000,False,0,276,25,1,0.0,0,0,0,0,26,10.6,11.0,12,0,0.0385,S1 O1 G1 S11 G1 S11 G1 S11 G1 S11 G1 S11 G1 S11 G1 S11 G1 S11 G1 S11 G1 S11 G1 S10 G1 S12 G1 S11 G1 S11 ...+22,25,12,12,0.29,12:22; 11:1; 13:1,12,0.8,6030:183; 5940:93; 11970:15; 12060:9; 0:1; 18000:1,6030,14.9254,13.8532,1.077394,12.92,12,False,0.067,
FP7oJQ-20260805-121518,FP7oJQ,20260805,121518,4,1,272,271,19.533,,5999,False,0,249,22,0,0.0,0,0,0,0,23,10.8,11,12,0,0.0444,S10 G1 S12 G1 S11 G1 S11 G1 S11 G1 S11 G1 S11 G1 S11 G1 S11 G1 S11 G1 S11 G1 S11 G1 S11 G1 S11 G1 S11 G1 ...+15,22,12,12.05,0.38,12:18; 13:2; 11:1,12,0.8,6030:164; 5940:85; 11970:13; 12060:9,6030,14.9254,13.874,1.075783,13.2,12,False,0.067,
FP7oJQ-20260805-121538,FP7oJQ,20260805,121538,4,1,229,228,16.466,,5999,False,0,209,19,0,0.0,0,0,0,0,20,10.4,11.0,12,0,0.0513,S3 G1 S11 G1 S11 G1 S11 G1 S11 G1 S11 G1 S11 G1 S11 G1 S10 G1 S12 G1 S11 G1 S11 G1 S11 G1 S11 G1 S11 G1 ...+9,19,12,12,0.34,12:16; 11:1; 13:1,12,0.8,6030:138; 5940:71; 11970:12; 12060:7,6030,14.9254,13.8467,1.0779,12.84,12,False,0.067,
FP7oJQ-20260805-132524,FP7oJQ,20260805,132524,4,1,306,305,22.0,,5999,False,0,278,26,1,0.0,0,0,0,0,27,10.3,11,12,0,0.037,S1 O1 G1 S8 G1 S10 G1 S12 G1 S11 G1 S11 G1 S11 G1 S11 G1 S11 G1 S11 G1 S11 G1 S11 G1 S11 G1 S11 G1 S11 ...+24,26,12,11.88,0.73,12:20; 11:2; 13:2,12,0.8,6030:183; 5940:95; 11970:15; 12060:11; 0:1,6030,14.9254,13.8636,1.076584,13.06,12,False,0.067,
FP7oJQ-20260805-132546,FP7oJQ,20260805,132546,4,1,269,268,19.333,,5999,False,0,246,22,0,0.0,0,0,0,0,23,10.7,11,12,0,0.0444,S5 G1 S11 G1 S11 G1 S11 G1 S11 G1 S11 G1 S10 G1 S12 G1 S11 G1 S11 G1 S11 G1 S11 G1 S11 G1 S11 G1 S11 G1 ...+15,22,12,11.95,0.38,12:18; 11:2; 13:1,12,0.8,6030:162; 5940:84; 11970:13; 12060:9,6030,14.9254,13.8623,1.076687,13.04,12,False,0.067,
FP7oJQ-20260805-132605,FP7oJQ,20260805,132605,4,1,243,242,17.533,,5999,False,0,221,21,0,0.0,0,0,0,0,21,10.5,11,12,0,0.0476,G1 S11 G1 S11 G1 S11 G1 S11 G1 S11 G1 S11 G1 S11 G1 S11 G1 S11 G1 S11 G1 S11 G1 S11 G1 S11 G1 S10 G1 S12 ...+12,21,12,12,0.32,12:18; 11:1; 13:1,12,0.8,6030:146; 5940:75; 11970:13; 12060:8,6030,14.9254,13.8025,1.081349,12.29,12,False,0.067,
FP7oJQ-20260805-152423,FP7oJQ,20260805,152423,4,1,308,307,22.2,,5999,False,0,279,27,1,0.0,0,0,0,0,28,10.0,11.0,12,0,0.0357,S1 O1 G1 S2 G1 S11 G1 S11 G1 S11 G1 S11 G1 S11 G1 S11 G1 S11 G1 S11 G1 S11 G1 S10 G1 S12 G1 S11 G1 S11 ...+26,27,12,11.62,1.79,12:22; 11:2; 3:1,12,0.8,6030:184; 5940:95; 11970:16; 12060:11; 0:1,6030,14.9254,13.8288,1.079294,12.61,12,False,0.067,
FP7oJQ-20260805-152445,FP7oJQ,20260805,152445,4,1,269,268,19.333,,5999,False,0,246,22,0,0.0,0,0,0,0,22,11.2,11.0,22,0,0.0455,S9 G1 S11 G1 S11 G1 S11 G1 S11 G1 S11 G1 S11 G1 S11 G1 S11 G1 S11 G1 S11 G1 S11 G1 S11 G1 S11 G1 S22 G1 ...+14,22,12,12.29,3.98,12:13; 7:3; 17:2,22,1.47,6030:162; 5940:84; 11970:13; 12060:9,6030,14.9254,13.8623,1.076687,13.04,12,False,0.067,
FP7oJQ-20260805-152504,FP7oJQ,20260805,152504,4,1,228,227,16.333,,6000,False,0,209,18,0,0.0,0,0,0,0,19,11,12,16,0,0.0541,S15 G1 S6 G1 S16 G1 S6 G1 S16 G1 S6 G1 S16 G1 S6 G1 S16 G1 S6 G1 S16 G1 S6 G1 S16 G1 S6 G1 S16 G1 ...+7,18,7,11.71,5.14,7:9; 17:8,16,1.07,6030:139; 5940:70; 11970:12; 12060:6,6030,14.9254,13.8982,1.073904,13.53,7,False,0.067,
FP7oJQ-20260805-153251,FP7oJQ,20260805,153251,4,1,1693,1692,122.0,,5999,False,0,1552,139,1,0.0,0,0,0,0,140,11.1,11.0,41,0,0.0071,S1 O1 G1 S8 G1 S10 G1 S12 G1 S11 G1 S11 G1 S11 G1 S11 G1 S11 G1 S11 G1 S11 G1 S11 G1 S11 G1 S11 G1 S11 ...+250,139,12,12.2,2.6,12:116; 11:10; 13:10,41,2.73,6030:1025; 5940:527; 11970:83; 12060:56; 0:1,6030,14.9254,13.8689,1.076179,13.13,12,False,0.067,
FP7oJQ-20260805-153451,FP7oJQ,20260805,153451,4,1,1649,1648,119.0,,5999,False,0,1511,137,0,0.0,0,0,0,0,138,10.9,11.0,12,0,0.0073,S4 G1 S11 G1 S11 G1 S11 G1 S11 G1 S11 G1 S11 G1 S11 G1 S11 G1 S11 G1 S11 G1 S11 G1 S11 G1 S10 G1 S12 G1 ...+245,137,12,12,0.37,12:118; 11:9; 13:9,12,0.8,6030:998; 5940:513; 11970:82; 12060:55,6030,14.9254,13.8487,1.077742,12.86,12,False,0.067,
FP7oJQ-20260805-153650,FP7oJQ,20260805,153650,4,1,1680,1679,121.2,,5999,False,0,1540,139,0,0.0,0,0,0,0,140,11,11.0,12,0,0.0072,S11 G1 S11 G1 S11 G1 S11 G1 S11 G1 S11 G1 S11 G1 S11 G1 S11 G1 S11 G1 S10 G1 S12 G1 S11 G1 S11 G1 S11 G1 ...+249,139,12,12,0.36,12:120; 11:9; 13:9,12,0.8,6030:1017; 5940:523; 11970:83; 12060:56,6030,14.9254,13.8531,1.0774,12.92,12,False,0.067,
FP7oJQ-20260805-153852,FP7oJQ,20260805,153852,4,1,1649,1648,119.0,,5999,False,0,1511,137,0,0.0,0,0,0,0,138,10.9,11.0,12,0,0.0073,S11 G1 S11 G1 S11 G1 S11 G1 S11 G1 S10 G1 S12 G1 S11 G1 S11 G1 S11 G1 S11 G1 S11 G1 S11 G1 S11 G1 S11 G1 ...+245,137,12,12,0.37,12:118; 11:9; 13:9,12,0.8,6030:998; 5940:513; 11970:82; 12060:55,6030,14.9254,13.8487,1.077742,12.86,12,False,0.067,
FP7oJQ-20260805-154051,FP7oJQ,20260805,154051,4,1,1680,1679,120.933,,6000,False,0,1544,135,0,0.0,0,0,0,0,136,11.4,11.0,41,0,0.0074,S6 G1 S11 G1 S11 G1 S10 G1 S12 G1 S11 G1 S11 G1 S11 G1 S11 G1 S11 G1 S11 G1 S11 G1 S11 G1 S11 G1 S11 G1 ...+241,135,12,12.4,4.47,12:74; 7:22; 17:19,41,2.73,6030:1024; 5940:520; 11970:85; 12060:50,6030,14.9254,13.8837,1.075027,13.33,12,False,0.067,
FP7oJQ-20260805-154252,FP7oJQ,20260805,154252,4,1,1649,1648,118.466,,5999,False,0,1519,129,0,0.0,0,0,0,0,130,11.7,11.0,42,0,0.0077,S12 G1 S11 G1 S11 G1 S11 G1 S11 G1 S11 G1 S11 G1 S11 G1 S11 G1 S11 G1 S11 G1 S11 G1 S11 G1 S11 G1 S10 G1 ...+229,129,12,12.7,4.47,12:108; 11:8; 13:7,42,2.8,6030:1003; 5940:516; 11970:77; 12060:52,6030,14.9254,13.9112,1.072906,13.72,12,False,0.067,
FP7oJQ-20260805-154451,FP7oJQ,20260805,154451,4,1,1679,1678,121.2,,5999,False,0,1538,140,0,0.0,0,0,0,0,141,10.9,11,12,0,0.0071,S1 G1 S11 G1 S11 G1 S11 G1 S11 G1 S10 G1 S12 G1 S11 G1 S11 G1 S11 G1 S11 G1 S11 G1 S11 G1 S11 G1 S11 G1 ...+251,140,12,12,0.36,12:121; 11:9; 13:9,12,0.8,6030:1016; 5940:522; 11970:84; 12060:56,6030,14.9254,13.8449,1.078042,12.81,12,False,0.067,
FP7oJQ-20260805-154652,FP7oJQ,20260805,154652,4,1,1650,1649,119.066,,5999,False,0,1512,137,0,0.0,0,0,0,0,138,11.0,11.0,22,0,0.0073,S1 G1 S12 G1 S11 G1 S11 G1 S11 G1 S11 G1 S11 G1 S11 G1 S11 G1 S11 G1 S11 G1 S11 G1 S11 G1 S11 G1 S11 G1 ...+245,137,12,12.09,2.03,12:104; 13:8; 11:7,22,1.47,6030:999; 5940:513; 11970:83; 12060:54,6030,14.9254,13.8495,1.077686,12.87,12,False,0.067,
FP7oJQ-20260805-154851,FP7oJQ,20260805,154851,4,1,1650,1649,119.933,,5999,False,0,1507,142,0,0.0,0,0,0,0,143,10.5,11,17,0,0.007,S2 G1 S16 G1 S6 G1 S16 G1 S6 G1 S16 G1 S6 G1 S16 G1 S6 G1 S16 G1 S6 G1 S15 G1 S6 G1 S8 G1 S6 G1 ...+255,142,12,11.66,2.69,12:87; 7:14; 17:12,17,1.13,6030:994; 5940:513; 11970:79; 12060:55; 18000:8,6030,14.9254,13.7493,1.085534,11.69,12,False,0.067,
FP7oJQ-20260805-155052,FP7oJQ,20260805,155052,4,1,1679,1678,121.0,,5999,False,0,1541,137,0,0.0,0,0,0,0,138,11.2,11.0,42,0,0.0073,S8 G1 S11 G1 S11 G1 S11 G1 S10 G1 S42 G1 S11 G1 S11 G1 S11 G1 S11 G1 S11 G1 S11 G1 S11 G1 S11 G1 S11 G1 ...+245,137,12,12.22,2.68,12:118; 11:9; 13:8,42,2.8,6030:1018; 5940:523; 11970:82; 12060:55,6030,14.9254,13.8678,1.076263,13.11,12,False,0.067,
FP7oJQ-20260805-155252,FP7oJQ,20260805,155252,4,1,1649,1648,119.066,,5999,False,0,1510,138,0,0.0,0,0,0,0,139,10.9,11,12,0,0.0072,S3 G1 S11 G1 S10 G1 S12 G1 S11 G1 S11 G1 S11 G1 S11 G1 S11 G1 S11 G1 S11 G1 S11 G1 S11 G1 S11 G1 S11 G1 ...+247,138,12,11.99,0.37,12:118; 11:10; 13:9,12,0.8,6030:996; 5940:514; 11970:82; 12060:56,6030,14.9254,13.8411,1.07834,12.76,12,False,0.067,
FP7oJQ-20260805-155451,FP7oJQ,20260805,155451,4,1,1651,1650,119.133,,5999,False,0,1513,137,0,0.0,0,0,0,0,138,11.0,11.0,12,0,0.0073,S10 G1 S11 G1 S11 G1 S11 G1 S11 G1 S11 G1 S11 G1 S11 G1 S11 G1 S11 G1 S11 G1 S11 G1 S11 G1 S11 G1 S10 G1 ...+245,137,12,12,0.37,12:118; 11:9; 13:9,12,0.8,6030:999; 5940:514; 11970:82; 12060:55,6030,14.9254,13.8501,1.077639,12.88,12,False,0.067,
FP7oJQ-20260805-155651,FP7oJQ,20260805,155651,4,1,1678,1677,121.133,,5999,False,0,1537,140,0,0.0,0,0,0,0,141,10.9,11,12,0,0.0071,S3 G1 S11 G1 S11 G1 S11 G1 S11 G1 S11 G1 S11 G1 S11 G1 S11 G1 S11 G1 S11 G1 S11 G1 S10 G1 S12 G1 S11 G1 ...+251,140,12,12,0.36,12:121; 11:9; 13:9,12,0.8,6030:1016; 5940:521; 11970:85; 12060:55,6030,14.9254,13.8443,1.078089,12.81,12,False,0.067,
FP7oJQ-20260805-155852,FP7oJQ,20260805,155852,4,1,1650,1649,118.733,,5999,False,0,1517,132,0,0.0,0,0,0,0,133,11.4,11,41,0,0.0075,S5 G1 S11 G1 S11 G1 S11 G1 S11 G1 S11 G1 S11 G1 S10 G1 S12 G1 S11 G1 S11 G1 S11 G1 S11 G1 S11 G1 S11 G1 ...+235,132,12,12.46,3.71,12:111; 11:9; 13:9,41,2.73,6030:1002; 5940:515; 11970:79; 12060:53,6030,14.9254,13.8883,1.074672,13.39,12,False,0.067,
FP7oJQ-20260805-160051,FP7oJQ,20260805,160051,4,1,1680,1679,120.866,,5999,False,0,1545,134,0,0.0,0,0,0,0,135,11.4,11,41,0,0.0074,S11 G1 S11 G1 S11 G1 S11 G1 S11 G1 S11 G1 S11 G1 S11 G1 S11 G1 S10 G1 S12 G1 S11 G1 S11 G1 S11 G1 S11 G1 ...+239,134,12,12.45,3.52,12:112; 11:9; 13:8,41,2.73,6030:1021; 5940:524; 11970:81; 12060:53,6030,14.9254,13.8914,1.074431,13.44,12,False,0.067,
FP7oJQ-20260805-160253,FP7oJQ,20260805,160253,4,1,1649,1648,118.866,,6000,False,0,1513,135,0,0.0,0,0,0,0,136,11.1,11.0,35,0,0.0074,S11 G1 S11 G1 S11 G1 S11 G1 S11 G1 S11 G1 S11 G1 S11 G1 S11 G1 S10 G1 S12 G1 S11 G1 S11 G1 S11 G1 S11 G1 ...+241,135,12,12.2,3.15,12:94; 7:13; 17:11,35,2.33,6030:1002; 5940:511; 11970:84; 12060:51,6030,14.9254,13.8644,1.076529,13.07,12,False,0.067,
FP7oJQ-20260805-160451,FP7oJQ,20260805,160451,4,1,1681,1680,121.133,,5999,False,0,1543,137,0,0.0,0,0,0,0,138,11.2,11.0,41,0,0.0073,S8 G1 S12 G1 S11 G1 S11 G1 S11 G1 S11 G1 S11 G1 S11 G1 S11 G1 S11 G1 S11 G1 S11 G1 S11 G1 S11 G1 S11 G1 ...+245,137,12,12.23,2.6,12:116; 13:10; 11:9,41,2.73,6030:1019; 5940:524; 11970:82; 12060:55,6030,14.9254,13.8691,1.076164,13.13,12,False,0.067,
FP7oJQ-20260805-160652,FP7oJQ,20260805,160652,4,1,1650,1649,120.2,,6000,False,0,1507,142,0,0.0,0,0,0,0,143,10.5,11,22,0,0.007,S2 G1 S11 G1 S11 G1 S22 G1 S6 G1 S16 G1 S6 G1 S16 G1 S6 G1 S16 G1 S6 G1 S15 G1 S9 G1 S6 G1 S16 G1 ...+255,142,12,11.6,3.82,12:51; 7:32; 17:27,22,1.47,6030:1000; 5940:507; 11970:82; 12060:48; 18000:12,6030,14.9254,13.7188,1.08795,11.37,12,False,0.067,
FP7oJQ-20260805-160852,FP7oJQ,20260805,160852,4,1,1649,1648,118.667,,5999,False,0,1516,132,0,0.0,0,0,0,0,133,11.4,11,41,0,0.0075,S11 G1 S11 G1 S11 G1 S11 G1 S11 G1 S10 G1 S12 G1 S11 G1 S11 G1 S11 G1 S11 G1 S11 G1 S11 G1 S11 G1 S11 G1 ...+235,132,12,12.46,3.6,12:107; 11:9; 13:9,41,2.73,6030:1002; 5940:514; 11970:79; 12060:53,6030,14.9254,13.8876,1.074726,13.38,12,False,0.067,
FP7oJQ-20260805-161052,FP7oJQ,20260805,161052,4,1,1680,1679,120.866,,6000,False,0,1545,134,0,0.0,0,0,0,0,135,11.4,11,40,0,0.0074,S6 G1 S11 G1 S11 G1 S11 G1 S11 G1 S11 G1 S11 G1 S11 G1 S40 G1 S12 G1 S11 G1 S11 G1 S11 G1 S11 G1 S11 G1 ...+239,134,12,12.41,4.47,12:72; 7:23; 17:20,40,2.67,6030:1023; 5940:522; 11970:83; 12060:51,6030,14.9254,13.8914,1.074431,13.44,12,False,0.067,
FP7oJQ-20260805-161252,FP7oJQ,20260805,161252,4,1,1650,1649,119.533,,6000,False,0,1508,141,0,0.0,0,0,0,0,142,10.6,8.0,17,0,0.0071,S6 G1 S16 G1 S6 G1 S15 G1 S9 G1 S6 G1 S16 G1 S6 G1 S16 G1 S6 G1 S16 G1 S6 G1 S16 G1 S6 G1 S16 G1 ...+253,141,7,11.68,4.88,7:63; 17:57; 16:6,17,1.13,6030:1005; 5940:503; 11970:92; 12060:46; 18000:3,6030,14.9254,13.7954,1.081913,12.21,7,False,0.067,
FP7oJQ-20260805-161452,FP7oJQ,20260805,161452,4,1,1649,1648,118.933,,5999,False,0,1512,136,0,0.0,0,0,0,0,137,11.0,11,35,0,0.0073,S8 G1 S6 G1 S16 G1 S6 G1 S16 G1 S6 G1 S15 G1 S9 G1 S6 G1 S16 G1 S6 G1 S16 G1 S6 G1 S16 G1 S6 G1 ...+243,136,12,12.12,2.75,12:100; 7:9; 11:8,35,2.33,6030:999; 5940:513; 11970:82; 12060:54,6030,14.9254,13.8565,1.077136,12.96,12,False,0.067,
FP7oJQ-20260805-161651,FP7oJQ,20260805,161651,4,1,1680,1679,121.266,,5999,False,0,1539,140,0,0.0,0,0,0,0,141,10.9,11,12,0,0.0071,S7 G1 S11 G1 S11 G1 S11 G1 S11 G1 S11 G1 S11 G1 S11 G1 S11 G1 S11 G1 S11 G1 S11 G1 S11 G1 S10 G1 S12 G1 ...+251,140,12,12,0.36,12:121; 11:9; 13:9,12,0.8,6030:1016; 5940:523; 11970:84; 12060:56,6030,14.9254,13.8456,1.077987,12.82,12,False,0.067,
FP7oJQ-20260805-161910,FP7oJQ,20260805,161910,4,1,626,625,45.133,,6000,False,0,573,52,0,0.0,0,0,0,0,53,10.8,11,12,0,0.019,S7 G1 S11 G1 S11 G1 S11 G1 S11 G1 S11 G1 S11 G1 S11 G1 S10 G1 S12 G1 S11 G1 S11 G1 S11 G1 S11 G1 S11 G1 ...+75,52,12,12,0.35,12:45; 11:3; 13:3,12,0.8,6030:379; 5940:194; 11970:32; 12060:20,6030,14.9254,13.848,1.077803,12.85,12,False,0.067,
FP7oJQ-20260805-162003,FP7oJQ,20260805,162003,4,2,859,858,61.933,,5999,False,0,787,70,1,0.0,0,0,0,0,70,11.2,11.0,42,0,0.0142,S1 O1 G1 S11 G1 S11 G1 S11 G1 S10 G1 S12 G1 S11 G1 S11 G1 S11 G1 S11 G1 S11 G1 S11 G1 S11 G1 S11 G1 S11 ...+111,70,12,12.39,3.77,12:58; 11:5; 13:4,42,2.8,6030:520; 5940:267; 11970:41; 12060:27; 18000:2; 0:1,6030,14.9254,13.8537,1.077358,12.93,12,False,0.067,
FP7oJQ-20260805-162227,FP7oJQ,20260805,162227,4,3,1720,1719,124.067,,6000,False,0,1576,142,1,0.0,0,0,0,0,143,11.0,11,41,0,0.007,S1 O1 G1 S5 G1 S11 G1 S11 G1 S11 G1 S11 G1 S11 G1 S11 G1 S11 G1 S11 G1 S11 G1 S11 G1 S10 G1 S12 G1 S11 ...+256,142,12,12.14,3.96,12:78; 7:23; 17:20,41,2.73,6030:1046; 5940:530; 11970:89; 12060:52; 0:1; 18000:1,6030,14.9254,13.8554,1.077223,12.95,12,False,0.067,
FP7oJQ-20260805-162920,FP7oJQ,20260805,162920,4,3,1650,1649,119.666,,6000,False,0,1510,139,0,0.0,0,0,0,0,140,10.8,11.0,25,0,0.0072,S1 G1 S16 G1 S6 G1 S16 G1 S6 G1 S16 G1 S6 G1 S16 G1 S6 G1 S16 G1 S6 G1 S15 G1 S9 G1 S6 G1 S16 G1 ...+249,139,12,11.86,3.58,12:64; 7:28; 17:24,25,1.67,6030:999; 5940:511; 11970:81; 12060:51; 18000:7,6030,14.9254,13.78,1.083117,12.03,12,False,0.067,
FP7oJQ-20260805-163513,FP7oJQ,20260805,163513,4,3,240,239,17.4,,5999,False,0,218,21,0,0.0,0,0,0,0,21,10.4,11,12,0,0.0476,S1 G1 S11 G1 S11 G1 S11 G1 S11 G1 S11 G1 S11 G1 S11 G1 S11 G1 S11 G1 S11 G1 S11 G1 S11 G1 S11 G1 S10 G1 ...+12,21,12,11.85,0.75,12:17; 11:1; 13:1,12,0.8,6030:144; 5940:74; 11970:12; 12060:8; 18000:1,6030,14.9254,13.7356,1.086617,11.55,12,False,0.067,
FP7oJQ-20260805-163623,FP7oJQ,20260805,163623,4,4,1364,1363,99.0,,5999,False,0,1246,116,1,0.0,0,0,0,0,116,10.7,11.0,12,0,0.0086,S1 O1 G1 S8 G1 S11 G1 S11 G1 S11 G1 S11 G1 S11 G1 S11 G1 S11 G1 S11 G1 S11 G1 S10 G1 S12 G1 S11 G1 S11 ...+202,116,12,11.79,1.29,12:95; 11:8; 13:8,12,0.8,6030:823; 5940:423; 11970:68; 12060:46; 0:1; 18000:1,6030,14.9254,13.7677,1.084088,11.89,12,False,0.067,
FP7oJQ-20260807-101927,FP7oJQ,20260807,101927,4,1,306,305,21.867,,6000,False,0,280,24,1,0.0,0,0,0,0,25,11.2,11,23,0,0.04,S1 O1 G1 S8 G1 S11 G1 S11 G1 S11 G1 S11 G1 S11 G1 S11 G1 S10 G1 S12 G1 S11 G1 S11 G1 S11 G1 S11 G1 S11 ...+20,24,12,12.13,2.67,12:18; 9:1; 11:1,23,1.53,6030:187; 5940:93; 11970:16; 12060:8; 0:1,6030,14.9254,13.948,1.070076,14.27,12,False,0.067,
FP7oJQ-20260807-101947,FP7oJQ,20260807,101947,4,1,270,269,19.267,,6000,False,0,249,20,0,0.0,0,0,0,0,21,11.9,11,29,0,0.0488,S11 G1 S11 G1 S11 G1 S11 G1 S11 G1 S11 G1 S11 G1 S11 G1 S11 G1 S11 G1 S11 G1 S11 G1 S11 G1 S11 G1 S10 G1 ...+11,20,12,12,0.33,12:17; 11:1; 13:1,29,1.93,6030:165; 5940:84; 11970:12; 12060:8,6030,14.9254,13.9617,1.069023,14.49,12,False,0.067,
FP7oJQ-20260807-102006,FP7oJQ,20260807,102006,4,1,233,232,16.733,,6000,False,0,213,19,0,0.0,0,0,0,0,20,10.7,11.0,12,0,0.0513,S11 G1 S11 G1 S11 G1 S11 G1 S11 G1 S11 G1 S11 G1 S11 G1 S11 G1 S10 G1 S12 G1 S11 G1 S11 G1 S11 G1 S11 G1 ...+9,19,12,12,0.34,12:16; 11:1; 13:1,12,0.8,6030:141; 5940:72; 11970:12; 12060:7,6030,14.9254,13.8648,1.076493,13.07,12,False,0.067,
FP7oJQ-20260807-102122,FP7oJQ,20260807,102122,4,1,309,308,22.266,,5999,False,0,280,27,1,0.0,0,0,0,0,28,10,11.0,12,0,0.0357,S1 O1 G1 S2 G1 S11 G1 S11 G1 S11 G1 S11 G1 S11 G1 S11 G1 S11 G1 S11 G1 S11 G1 S11 G1 S11 G1 S10 G1 S12 ...+26,27,12,11.65,1.79,12:23; 3:1; 11:1,12,0.8,6030:185; 5940:95; 11970:17; 12060:10; 0:1,6030,14.9254,13.8327,1.078988,12.66,12,False,0.067,
FP7oJQ-20260807-102144,FP7oJQ,20260807,102144,4,1,272,271,19.333,,6000,False,0,252,19,0,0.0,0,0,0,0,20,12.6,11.0,49,0,0.0513,S49 G1 S6 G1 S16 G1 S6 G1 S16 G1 S6 G1 S16 G1 S6 G1 S16 G1 S6 G1 S16 G1 S6 G1 S16 G1 S6 G1 S15 G1 ...+9,19,7,11.56,4.95,7:9; 17:7; 16:1,49,3.27,6030:168; 5940:84; 11970:13; 12060:6,6030,14.9254,14.0175,1.064768,15.44,7,False,0.067,
FP7oJQ-20260807-102203,FP7oJQ,20260807,102203,4,1,239,238,17.267,,6000,False,0,217,21,0,0.0,0,0,0,0,22,9.9,6.0,16,0,0.0465,S2 G1 S6 G1 S16 G1 S6 G1 S16 G1 S6 G1 S16 G1 S6 G1 S16 G1 S6 G1 S16 G1 S6 G1 S16 G1 S6 G1 S16 G1 ...+13,21,7,11.6,4.96,7:10; 17:8; 16:1,16,1.07,6030:145; 5940:72; 11970:14; 12060:7,6030,14.9254,13.7835,1.082842,12.07,7,False,0.067,
PPDmUg-20260804-093412,PPDmUg,20260804,093412,1,1,358,357,23.8,,6000,False,0,355,1,1,0.0,0,0,0,0,1,355,355,355,0,0.6667,O1 G1 S355,1,,,,,355,23.67,6030:237; 5940:118; 0:1; 11970:1,6030,14.9254,15.0,0.995025,,,,,
PPDmUg-20260804-093434,PPDmUg,20260804,093434,1,1,299,298,19.866,,6000,False,0,298,0,0,0.0,0,0,0,0,1,298,298,298,0,1.0,,0,,,,,298,19.87,6030:198; 5940:100,6030,14.9254,15.0005,0.994991,,,,,
PPDmUg-20260804-093454,PPDmUg,20260804,093454,1,1,213,212,14.133,,6000,False,0,212,0,0,0.0,0,0,0,0,1,212,212,212,0,1.0,,0,,,,,212,14.13,6030:141; 5940:71,6030,14.9254,15.0004,0.995001,,,,,
PPDmUg-20260804-104042,PPDmUg,20260804,104042,1,1,358,357,23.8,,6000,False,0,355,1,1,0.0,0,0,0,0,1,355,355,355,0,0.6667,O1 G1 S355,1,,,,,355,23.67,6030:237; 5940:118; 0:1; 11970:1,6030,14.9254,15.0,0.995025,,,,,
PPDmUg-20260804-104104,PPDmUg,20260804,104104,1,1,62,61,4.066,,5999,False,0,61,0,0,0.0,0,0,0,0,1,61,61,61,0,1.0,,0,,,,,61,4.07,6030:40; 5940:21,6030,14.9254,15.0025,0.994862,,,,,
PPDmUg-20260804-105641,PPDmUg,20260804,105641,1,1,357,356,23.733,,6000,False,0,354,1,1,0.0,0,0,0,0,1,354,354,354,0,0.6667,O1 G1 S354,1,,,,,354,23.6,6030:236; 5940:118; 0:1; 11970:1,6030,14.9254,15.0002,0.995011,,,,,
PPDmUg-20260804-105703,PPDmUg,20260804,105703,1,1,300,299,19.933,,6000,False,0,299,0,0,0.0,0,0,0,0,1,299,299,299,0,1.0,,0,,,,,299,19.93,6030:199; 5940:100,6030,14.9254,15.0003,0.995008,,,,,
PPDmUg-20260804-105724,PPDmUg,20260804,105724,1,1,228,227,15.133,,6000,False,0,227,0,0,0.0,0,0,0,0,1,227,227,227,0,1.0,,0,,,,,227,15.13,6030:151; 5940:76,6030,14.9254,15.0003,0.995003,,,,,
PPDmUg-20260804-114416,PPDmUg,20260804,114416,2,1,358,357,23.8,,6000,False,0,355,1,1,0.0,0,0,0,0,1,355,355,355,0,0.6667,O1 G1 S355,1,,,,,355,23.67,6030:237; 5940:118; 0:1; 11970:1,6030,14.9254,15.0,0.995025,,,,,
PPDmUg-20260804-114438,PPDmUg,20260804,114438,2,1,299,298,19.866,,6000,False,0,298,0,0,0.0,0,0,0,0,1,298,298,298,0,1.0,,0,,,,,298,19.87,6030:198; 5940:100,6030,14.9254,15.0005,0.994991,,,,,
PPDmUg-20260804-114458,PPDmUg,20260804,114458,2,1,228,227,15.133,,6000,False,0,227,0,0,0.0,0,0,0,0,1,227,227,227,0,1.0,,0,,,,,227,15.13,6030:151; 5940:76,6030,14.9254,15.0003,0.995003,,,,,
PPDmUg-20260804-142858,PPDmUg,20260804,142858,2,1,357,356,23.734,,6000,False,0,354,1,1,0.0,0,0,0,0,1,354,354,354,0,0.6667,O1 G1 S354,1,,,,,354,23.6,6030:236; 5940:118; 0:1; 12060:1,6030,14.9254,14.9996,0.995053,,,,,
PPDmUg-20260804-142920,PPDmUg,20260804,142920,2,1,300,299,19.934,,6000,False,0,299,0,0,0.0,0,0,0,0,1,299,299,299,0,1.0,,0,,,,,299,19.93,6030:200; 5940:99,6030,14.9254,14.9995,0.995058,,,,,
PPDmUg-20260804-142940,PPDmUg,20260804,142940,2,1,213,212,14.134,,6000,False,0,212,0,0,0.0,0,0,0,0,1,212,212,212,0,1.0,,0,,,,,212,14.13,6030:142; 5940:70,6030,14.9254,14.9993,0.995072,,,,,
PPDmUg-20260804-150849,PPDmUg,20260804,150849,2,1,1388,1387,92.466,,6000,False,0,1385,1,1,0.0,0,0,0,0,1,1385,1385,1385,0,0.6667,O1 G1 S1385,1,,,,,1385,92.33,6030:923; 5940:462; 0:1; 11970:1,6030,14.9254,15.0001,0.995018,,,,,
PPDmUg-20260804-153241,PPDmUg,20260804,153241,2,1,1861,1860,124.0,,6000,False,0,1858,1,1,0.0,0,0,0,0,1,1858,1858,1858,0,0.6667,O1 G1 S1858,1,,,,,1858,123.87,6030:1239; 5940:619; 0:1; 11970:1,6030,14.9254,15.0,0.995025,,,,,
PPDmUg-20260804-153442,PPDmUg,20260804,153442,2,1,1576,1575,105.0,,6000,False,0,1575,0,0,0.0,0,0,0,0,1,1575,1575,1575,0,1.0,,0,,,,,1575,105.0,6030:1050; 5940:525,6030,14.9254,15.0,0.995025,,,,,
PPDmUg-20260804-153855,PPDmUg,20260804,153855,2,5,591,590,39.466,,6000,False,0,587,2,1,0.0,0,0,0,0,1,587,587,587,0,0.5,O1 G1 S587 G1,2,588,588,,588:1,587,39.13,6030:391; 5940:196; 0:1; 11970:1; 18000:1,6030,14.9254,14.9496,0.998381,,588,,,
PPDmUg-20260804-154221,PPDmUg,20260804,154221,2,7,1858,1857,123.8,,6000,False,0,1855,1,1,0.0,0,0,0,0,1,1855,1855,1855,0,0.6667,O1 G1 S1855,1,,,,,1855,123.67,6030:1236; 5940:619; 0:1; 12060:1,6030,14.9254,15.0,0.995025,,,,,
PPDmUg-20260804-154423,PPDmUg,20260804,154423,2,7,358,357,23.8,,6000,False,0,357,0,0,0.0,0,0,0,0,1,357,357,357,0,1.0,,0,,,,,357,23.8,6030:238; 5940:119,6030,14.9254,15.0,0.995025,,,,,
PPDmUg-20260804-154626,PPDmUg,20260804,154626,2,10,1858,1857,123.8,,6000,False,0,1855,1,1,0.0,0,0,0,0,1,1855,1855,1855,0,0.6667,O1 G1 S1855,1,,,,,1855,123.67,6030:1236; 5940:619; 0:1; 12060:1,6030,14.9254,15.0,0.995025,,,,,
PPDmUg-20260804-154828,PPDmUg,20260804,154828,2,10,1860,1859,119.733,3000,6000,True,156,1699,4,0,0.0839,1,156,156,156,4,424.8,356.5,977,1,0.25,S701 G1 S9 G1 S12 F156 G2 S977,4,10,60,94.5,10:1; 169:1; 1:1,977,65.13,6030:1132; 5940:567; 2970:104; 3060:52; 12060:1; 11970:1,6030,14.9254,15.5262,0.961302,,10,,,
PPDmUg-20260804-155028,PPDmUg,20260804,155028,2,10,1769,1768,118.133,,6000,False,0,1764,4,0,0.0,0,0,0,0,5,352.8,11,1423,0,0.2222,S1423 G1 S7 G1 S10 G1 S11 G1 S313,4,8,10.33,2.08,8:1; 11:1; 12:1,1423,94.87,6030:1176; 5940:588; 11970:3; 12060:1,6030,14.9254,14.9662,0.997273,,8,,,
PPDmUg-20260804-155226,PPDmUg,20260804,155226,2,10,911,910,61.133,,6000,False,0,903,7,0,0.0,0,0,0,0,8,112.9,8.0,642,0,0.1333,S642 G1 S10 G1 S8 G1 S5 G1 S6 G1 S4 G1 S8 G1 S220,7,9,7.83,2.23,9:2; 11:1; 6:1,642,42.8,6030:602; 5940:301; 11970:5; 12060:2,6030,14.9254,14.8856,1.002673,374.05,9,,,
PPDmUg-20260804-155436,PPDmUg,20260804,155436,2,12,1856,1855,123.666,,6000,False,0,1853,1,1,0.0,0,0,0,0,1,1853,1853,1853,0,0.6667,O1 G1 S1853,1,,,,,1853,123.53,6030:1235; 5940:618; 0:1; 11970:1,6030,14.9254,15.0001,0.99502,,,,,
PPDmUg-20260804-155627,PPDmUg,20260804,155627,2,12,1800,1799,119.933,,6000,False,0,1799,0,0,0.0,0,0,0,0,1,1799,1799,1799,0,1.0,,0,,,,,1799,119.93,6030:1199; 5940:600,6030,14.9254,15.0,0.995022,,,,,
PPDmUg-20260804-155827,PPDmUg,20260804,155827,2,12,1802,1801,120.067,,6000,False,0,1801,0,0,0.0,0,0,0,0,1,1801,1801,1801,0,1.0,,0,,,,,1801,120.07,6030:1201; 5940:600,6030,14.9254,15.0,0.995028,,,,,
PPDmUg-20260804-160028,PPDmUg,20260804,160028,2,12,1390,1389,92.6,,6000,False,0,1389,0,0,0.0,0,0,0,0,1,1389,1389,1389,0,1.0,,0,,,,,1389,92.6,6030:926; 5940:463,6030,14.9254,15.0,0.995025,,,,,
PPDmUg-20260804-160249,PPDmUg,20260804,160249,2,13,1428,1427,95.266,,6000,False,0,1424,2,1,0.0,0,0,0,0,1,1424,1424,1424,0,0.5,O1 G1 S1424 G1,2,1425,1425,,1425:1,1424,94.93,6030:949; 5940:475; 0:1; 11970:1; 18000:1,6030,14.9254,14.9791,0.996412,,1425,,,
PPDmUg-20260804-160438,PPDmUg,20260804,160438,2,14,1858,1857,123.8,,6000,False,0,1855,1,1,0.0,0,0,0,0,1,1855,1855,1855,0,0.6667,O1 G1 S1855,1,,,,,1855,123.67,6030:1237; 5940:618; 0:1; 11970:1,6030,14.9254,15.0,0.995025,,,,,
PPDmUg-20260804-160641,PPDmUg,20260804,160641,2,14,1800,1799,119.934,,6000,False,0,1799,0,0,0.0,0,0,0,0,1,1799,1799,1799,0,1.0,,0,,,,,1799,119.93,6030:1200; 5940:599,6030,14.9254,14.9999,0.99503,,,,,
PPDmUg-20260804-160841,PPDmUg,20260804,160841,2,14,1800,1799,119.934,,6000,False,0,1799,0,0,0.0,0,0,0,0,1,1799,1799,1799,0,1.0,,0,,,,,1799,119.93,6030:1200; 5940:599,6030,14.9254,14.9999,0.99503,,,,,
PPDmUg-20260804-161041,PPDmUg,20260804,161041,2,14,1800,1799,119.934,,6000,False,0,1799,0,0,0.0,0,0,0,0,1,1799,1799,1799,0,1.0,,0,,,,,1799,119.93,6030:1200; 5940:599,6030,14.9254,14.9999,0.99503,,,,,
PPDmUg-20260804-161241,PPDmUg,20260804,161241,2,14,1800,1799,119.934,,6000,False,0,1799,0,0,0.0,0,0,0,0,1,1799,1799,1799,0,1.0,,0,,,,,1799,119.93,6030:1200; 5940:599,6030,14.9254,14.9999,0.99503,,,,,
PPDmUg-20260804-161441,PPDmUg,20260804,161441,2,14,1799,1798,119.867,,6000,False,0,1798,0,0,0.0,0,0,0,0,1,1798,1798,1798,0,1.0,,0,,,,,1798,119.87,6030:1199; 5940:599,6030,14.9254,15.0,0.995028,,,,,
PPDmUg-20260804-161641,PPDmUg,20260804,161641,2,14,1801,1800,120.0,,6000,False,0,1800,0,0,0.0,0,0,0,0,1,1800,1800,1800,0,1.0,,0,,,,,1800,120.0,6030:1200; 5940:600,6030,14.9254,15.0,0.995025,,,,,
PPDmUg-20260804-161841,PPDmUg,20260804,161841,2,14,1800,1799,119.934,,6000,False,0,1799,0,0,0.0,0,0,0,0,1,1799,1799,1799,0,1.0,,0,,,,,1799,119.93,6030:1200; 5940:599,6030,14.9254,14.9999,0.99503,,,,,
PPDmUg-20260804-162041,PPDmUg,20260804,162041,2,14,1800,1799,119.934,,6000,False,0,1799,0,0,0.0,0,0,0,0,1,1799,1799,1799,0,1.0,,0,,,,,1799,119.93,6030:1200; 5940:599,6030,14.9254,14.9999,0.99503,,,,,
PPDmUg-20260804-162241,PPDmUg,20260804,162241,2,14,1800,1799,119.934,,6000,False,0,1799,0,0,0.0,0,0,0,0,1,1799,1799,1799,0,1.0,,0,,,,,1799,119.93,6030:1200; 5940:599,6030,14.9254,14.9999,0.99503,,,,,
PPDmUg-20260804-162441,PPDmUg,20260804,162441,2,14,1800,1799,119.934,,6000,False,0,1799,0,0,0.0,0,0,0,0,1,1799,1799,1799,0,1.0,,0,,,,,1799,119.93,6030:1200; 5940:599,6030,14.9254,14.9999,0.99503,,,,,
PPDmUg-20260804-162641,PPDmUg,20260804,162641,2,14,1800,1799,119.934,,6000,False,0,1799,0,0,0.0,0,0,0,0,1,1799,1799,1799,0,1.0,,0,,,,,1799,119.93,6030:1200; 5940:599,6030,14.9254,14.9999,0.99503,,,,,
PPDmUg-20260804-162841,PPDmUg,20260804,162841,2,14,1800,1799,119.934,,6000,False,0,1799,0,0,0.0,0,0,0,0,1,1799,1799,1799,0,1.0,,0,,,,,1799,119.93,6030:1200; 5940:599,6030,14.9254,14.9999,0.99503,,,,,
PPDmUg-20260804-163041,PPDmUg,20260804,163041,2,14,2100,2099,119.1,3000,6000,True,627,1471,1,0,0.2987,3,209,157,313,5,294.2,228,562,6,0.2222,S562 F157 S174 F157 S18 G1 S228 F313 S489,1,,,,,1068,71.2,6030:981; 5940:490; 2970:418; 3060:209; 11970:1,6030,14.9254,17.6238,0.846885,,,,,
PPDmUg-20260804-163240,PPDmUg,20260804,163240,2,14,1949,1948,119.4,3000,6000,True,314,1634,0,0,0.1612,2,157,157.0,157,3,544.7,428,942,4,0.4,S942 F157 S428 F157 S264,0,,,,,1948,129.87,6030:1090; 5940:544; 2970:210; 3060:104,6030,14.9254,16.3149,0.91483,,,,,
PPDmUg-20260804-163439,PPDmUg,20260804,163439,2,14,1891,1890,120.766,3000,6000,True,157,1733,0,0,0.0831,1,157,157,157,2,866.5,866.5,1588,2,0.6667,S1588 F157 S145,0,,,,,1890,126.0,6030:1154; 5940:579; 2970:104; 3060:53,6030,14.9254,15.6501,0.953692,,,,,
PPDmUg-20260804-163640,PPDmUg,20260804,163640,2,14,851,850,56.6,,6000,False,0,848,0,2,0.0,0,0,0,0,1,848,848,848,0,1.0,,0,,,,,850,56.67,6030:565; 5940:283; 3060:1; 2970:1,6030,14.9254,15.0177,0.993854,,,,,
PPDmUg-20260805-061250,PPDmUg,20260805,061250,2,1,147,146,27.867,11999,24002,True,89,51,3,3,0.6096,38,2.3,1.0,36,36,1.4,1.0,4,69,0.0253,O2 S3 F1 S2 F1 S3 F1 S2 F1 S1 O1 F1 S1 F1 G1 F1 S2 F1 S4 F1 S2 F1 S1 F1 S2 F1 S1 F1 S1 F2 ...+49,3,85,43.5,58.69,85:1; 2:1,84,11.2,11970:60; 24030:35; 12060:29; 23940:16; 36000:3; 0:1,11970,7.5188,5.2392,1.435112,2.3,85,,,
PPDmUg-20260805-061311,PPDmUg,20260805,061311,2,1,120,119,16.8,,12001,False,0,115,4,0,0.0,0,0,0,0,2,57.5,57.5,96,0,0.6667,S19 G4 S96,4,1,1,0.0,1:3,96,12.8,11970:76; 12060:39; 23940:2; 48060:1; 36000:1,11970,7.5188,7.0833,1.061477,16.27,1,,,
PPDmUg-20260805-061328,PPDmUg,20260805,061328,2,1,97,96,12.8,,12000,False,0,96,0,0,0.0,0,0,0,0,1,96,96,96,0,1.0,,0,,,,,96,12.8,11970:64; 12060:32,11970,7.5188,7.5,1.002506,399.0,,,,
PPDmUg-20260805-061441,PPDmUg,20260805,061441,2,1,177,176,27.733,,12000,False,0,151,24,1,0.0,0,0,0,0,1,151,151,151,0,0.5,O1 G1 S151 G23,24,1,7.57,31.49,1:22; 152:1,151,20.13,11970:101; 12060:50; 24030:12; 36000:5; 23940:5; 47970:2,11970,7.5188,6.3462,1.184766,5.41,1,,,
PPDmUg-20260805-061508,PPDmUg,20260805,061508,2,1,89,88,18.133,11991,24009,True,43,43,1,1,0.4886,32,1.3,1.0,3,32,1.3,1.0,3,61,0.0303,S1 G1 F1 S3 F1 S2 O1 F2 S2 F1 S1 F1 S2 F1 S2 F1 S2 F1 S2 F1 S2 F1 S1 F1 S2 F1 S1 F1 S1 F1 ...+36,1,,,,,86,22.94,24030:33; 11970:33; 23940:10; 12060:10; 47970:1; 36000:1,24030,3.7453,4.853,0.771748,,,,,
PPDmUg-20260805-061525,PPDmUg,20260805,061525,2,1,74,73,12.666,11996,24005,True,51,22,0,0,0.6986,17,3,3,11,17,1.3,1,2,33,0.0588,S2 F3 S2 F3 S1 F3 S1 F3 S1 F3 S1 F1 S1 F3 S2 F3 S1 F1 S1 F2 S1 F3 S1 F3 S1 F4 S2 F3 S1 F1 ...+4,0,,,,,73,9.73,11970:36; 24030:16; 12060:15; 23940:6,11970,7.5188,5.7635,1.304563,3.28,,,,
PPDmUg-20260805-062102,PPDmUg,20260805,062102,2,1,146,145,23.866,12002,23992,True,110,33,1,1,0.7586,31,3.5,3,11,31,1.1,1,2,61,0.0312,O1 G1 S2 F2 S1 F1 S1 F1 S1 F1 S2 F2 S1 F1 S1 F1 S1 F1 S1 F2 S1 F2 S1 F2 S1 F3 S1 F4 S1 F2 ...+34,1,,,,,143,19.07,11970:71; 12060:39; 24030:19; 23940:14; 0:1; 36000:1,11970,7.5188,6.0756,1.237542,4.21,,,,
PPDmUg-20260805-062120,PPDmUg,20260805,062120,2,1,152,151,22.133,,12002,False,0,136,15,0,0.0,0,0,0,0,15,9.1,9,16,0,0.0667,G1 S10 G1 S6 G1 S4 G1 S6 G1 S12 G1 S7 G1 S11 G1 S15 G1 S9 G1 S13 G1 S7 G1 S11 G1 S16 G1 S7 G1 S2,15,8,10.57,3.61,8:3; 7:2; 12:2,16,2.13,11970:88; 12060:48; 23940:8; 24030:7,11970,7.5188,6.8224,1.102076,9.8,8,,,
PPDmUg-20260805-062143,PPDmUg,20260805,062143,2,1,90,89,12.667,,12001,False,0,83,6,0,0.0,0,0,0,0,7,11.9,9,27,0,0.1538,S16 G1 S7 G1 S12 G1 S7 G1 S9 G1 S27 G1 S5,6,8,13.4,8.41,8:2; 13:1; 10:1,27,3.6,11970:54; 12060:29; 23940:3; 24030:3,11970,7.5188,7.0261,1.070119,14.26,8,,,
PPDmUg-20260805-062421,PPDmUg,20260805,062421,2,1,176,175,23.466,,12000,False,0,172,2,1,0.0,0,0,0,0,2,86,86.0,165,0,0.4,O1 G1 S7 G1 S165,2,8,8,,8:1,165,22.0,11970:114; 12060:58; 23940:2; 0:1,11970,7.5188,7.4576,1.008206,121.86,8,,,
PPDmUg-20260805-062442,PPDmUg,20260805,062442,2,1,151,150,20.8,,12000,False,0,148,2,0,0.0,0,0,0,0,2,74,74.0,131,0,0.6667,S131 G2 S17,2,1,1,,1:1,131,17.47,11970:99; 12060:49; 72000:1; 24030:1,11970,7.5188,7.2115,1.042607,23.47,1,,,
PPDmUg-20260805-062503,PPDmUg,20260805,062503,2,1,87,86,14.4,12001,23996,True,67,16,3,0,0.7791,11,6.1,2,34,9,1.8,1,5,16,0.087,F12 S5 G1 F1 S2 G1 F1 S1 F1 G1 F2 S3 F3 S1 F2 S1 F2 S1 F4 S1 F5 S1 F34,3,4,4,0.0,4:2,60,8.0,11970:44; 12060:23; 24030:10; 23940:6; 36000:3,11970,7.5188,5.9722,1.258961,3.86,4,,,
PPDmUg-20260805-062752,PPDmUg,20260805,062752,2,1,177,176,26.133,,11998,False,0,156,19,1,0.0,0,0,0,0,11,14.2,1,97,0,0.087,O1 G5 S1 G3 S2 G1 S1 G1 S1 G1 S2 G1 S3 G1 S1 G1 S1 G1 S97 G3 S1 G1 S46,19,1,7.11,22.7,1:8; 2:6; 3:2,97,12.93,11970:107; 12060:49; 24030:15; 23940:3; 0:1; 47970:1,11970,7.5188,6.7348,1.116413,8.59,1,,,
PPDmUg-20260805-062814,PPDmUg,20260805,062814,2,1,120,119,17.333,,12001,False,0,109,10,0,0.0,0,0,0,0,4,27.2,25.0,58,0,0.2857,S12 G2 S1 G2 S38 G6 S58,10,1,5.33,12.63,1:7; 2:1; 39:1,58,7.73,11970:72; 12060:37; 24030:5; 23940:4; 36000:1,11970,7.5188,6.8655,1.095154,10.51,1,,,
PPDmUg-20260805-062831,PPDmUg,20260805,062831,2,1,104,103,15.067,,12000,False,0,94,9,0,0.0,0,0,0,0,4,23.5,22.5,48,0,0.2857,S15 G4 S48 G1 S1 G4 S30,9,1,7.12,16.92,1:6; 49:1; 2:1,48,6.4,11970:63; 12060:31; 24030:6; 23940:2; 36000:1,11970,7.5188,6.8361,1.099861,10.01,1,,,
PPDmUg-20260805-063209,PPDmUg,20260805,063209,2,1,177,176,26.267,,11998,False,0,155,21,0,0.0,0,0,0,0,13,11.9,1,86,0,0.08,S1 G1 S13 G2 S1 G3 S1 G2 S1 G1 S1 G1 S1 G2 S3 G1 S1 G1 S4 G1 S7 G1 S35 G5 S86,21,1,4.4,8.09,1:9; 2:6; 14:1,86,11.46,11970:106; 12060:49; 24030:17; 23940:4,11970,7.5188,6.7004,1.122138,8.19,1,,,
PPDmUg-20260805-063232,PPDmUg,20260805,063232,2,1,119,118,17.2,,12002,False,0,107,11,0,0.0,0,0,0,0,8,13.4,1.5,91,0,0.125,G1 S1 G3 S1 G1 S1 G2 S2 G1 S1 G1 S4 G1 S6 G1 S91,11,2,2.6,1.96,2:4; 1:3; 3:1,91,12.14,11970:69; 12060:38; 23940:6; 24030:5,11970,7.5188,6.8605,1.09596,10.42,2,,,
PPDmUg-20260805-063248,PPDmUg,20260805,063248,2,1,102,101,13.866,,11999,False,0,98,3,0,0.0,0,0,0,0,2,49,49.0,86,0,0.6667,S12 G3 S86,3,1,1,0.0,1:2,86,11.47,11970:66; 12060:32; 24030:2; 23940:1,11970,7.5188,7.284,1.032234,31.02,1,,,
PPDmUg-20260805-063709,PPDmUg,20260805,063709,2,1,177,176,23.466,,12000,False,0,174,1,1,0.0,0,0,0,0,1,174,174,174,0,0.6667,O1 G1 S174,1,,,,,174,23.2,11970:116; 12060:58; 0:1; 23940:1,11970,7.5188,7.5002,1.002478,403.59,,,,
PPDmUg-20260805-063729,PPDmUg,20260805,063729,2,1,149,148,21.066,,11999,False,0,139,9,0,0.0,0,0,0,0,9,15.4,3,89,0,0.1176,S89 G2 S34 G1 S1 G1 S1 G1 S1 G1 S2 G1 S3 G1 S5 G1 S3,9,2,6.88,11.47,2:3; 1:1; 35:1,89,11.87,11970:94; 12060:45; 24030:6; 23940:2; 36000:1,11970,7.5188,7.0255,1.070209,14.24,2,,,
PPDmUg-20260805-063751,PPDmUg,20260805,063751,2,1,99,98,13.066,,11999,False,0,98,0,0,0.0,0,0,0,0,1,98,98,98,0,1.0,,0,,,,,98,13.07,11970:66; 12060:32,11970,7.5188,7.5004,1.002455,407.31,,,,
PPDmUg-20260805-064116,PPDmUg,20260805,064116,2,1,327,326,21.8,,6000,False,0,325,1,0,0.0,0,0,0,0,2,162.5,162.5,324,0,0.6667,S1 G1 S324,1,,,,,324,21.6,6030:217; 5940:108; 11970:1,6030,14.9254,14.9541,0.998077,,,,,
PPDmUg-20260805-064137,PPDmUg,20260805,064137,2,1,300,299,19.933,,6000,False,0,299,0,0,0.0,0,0,0,0,1,299,299,299,0,1.0,,0,,,,,299,19.93,6030:199; 5940:100,6030,14.9254,15.0003,0.995008,,,,,
PPDmUg-20260805-064157,PPDmUg,20260805,064157,2,1,241,240,16.0,,6000,False,0,240,0,0,0.0,0,0,0,0,1,240,240,240,0,1.0,,0,,,,,240,16.0,6030:160; 5940:80,6030,14.9254,15.0,0.995025,,,,,
PPDmUg-20260805-064331,PPDmUg,20260805,064331,2,1,327,326,22.467,,6001,False,0,317,9,0,0.0,0,0,0,0,8,39.6,3.0,223,0,0.1333,S1 G2 S1 G2 S80 G1 S2 G1 S1 G1 S4 G1 S5 G1 S223,9,1,12.62,27.69,1:2; 2:2; 81:1,223,14.87,6030:214; 5940:103; 11970:7; 18000:2,6030,14.9254,14.5102,1.028615,34.95,1,,,
PPDmUg-20260805-064352,PPDmUg,20260805,064352,2,1,270,269,19.467,,6001,False,0,257,12,0,0.0,0,0,0,0,8,32.1,16.0,83,0,0.1333,S28 G3 S67 G1 S4 G1 S4 G1 S83 G4 S66 G1 S4 G1 S1,12,1,21.73,33.25,1:5; 5:3; 68:1,83,5.53,6030:174; 5940:83; 11970:7; 36000:2; 18000:1; 23940:1,6030,14.9254,13.8183,1.08012,12.48,1,,,
PPDmUg-20260805-064411,PPDmUg,20260805,064411,2,1,223,222,15.733,,5999,False,0,213,9,0,0.0,0,0,0,0,7,30.4,5,92,0,0.1538,S5 G1 S39 G4 S92 G1 S2 G1 S3 G1 S4 G1 S68,9,1,18.5,32.87,1:3; 40:1; 93:1,92,6.13,6030:140; 5940:73; 12060:4; 11970:3; 36000:1; 18000:1,6030,14.9254,14.1105,1.057752,17.32,1,,,
PPDmUg-20260805-064609,PPDmUg,20260805,064609,2,1,327,326,22.267,,6000,False,0,321,4,1,0.0,0,0,0,0,2,160.5,160.5,311,0,0.4,O1 G1 S10 G3 S311,4,1,4.33,5.77,1:2; 11:1,311,20.73,6030:213; 5940:108; 12060:2; 0:1; 30060:1; 23940:1,6030,14.9254,14.6405,1.019458,51.39,1,,,
PPDmUg-20260805-064629,PPDmUg,20260805,064629,2,1,300,299,19.933,,6000,False,0,299,0,0,0.0,0,0,0,0,1,299,299,299,0,1.0,,0,,,,,299,19.93,6030:199; 5940:100,6030,14.9254,15.0003,0.995008,,,,,
PPDmUg-20260805-064649,PPDmUg,20260805,064649,2,1,235,234,15.6,,6000,False,0,234,0,0,0.0,0,0,0,0,1,234,234,234,0,1.0,,0,,,,,234,15.6,6030:156; 5940:78,6030,14.9254,15.0,0.995025,,,,,
PPDmUg-20260805-064907,PPDmUg,20260805,064907,2,1,327,326,22.133,,6000,False,0,319,6,1,0.0,0,0,0,0,6,53.2,51.5,110,0,0.1538,O1 G1 S110 G1 S20 G1 S83 G1 S85 G1 S3 G1 S18,6,111,61.2,46.11,111:1; 21:1; 84:1,110,7.33,6030:214; 5940:105; 11970:5; 0:1; 18000:1,6030,14.9254,14.7291,1.013323,75.06,111,,,
PPDmUg-20260805-064927,PPDmUg,20260805,064927,2,1,300,299,19.933,,6000,False,0,299,0,0,0.0,0,0,0,0,1,299,299,299,0,1.0,,0,,,,,299,19.93,6030:199; 5940:100,6030,14.9254,15.0003,0.995008,,,,,
PPDmUg-20260805-064947,PPDmUg,20260805,064947,2,1,248,247,16.733,,6000,False,0,244,3,0,0.0,0,0,0,0,3,81.3,111,113,0,0.4,S113 G2 S111 G1 S20,3,1,56.5,78.49,1:1; 112:1,113,7.53,6030:162; 5940:82; 18000:1; 12060:1; 11970:1,6030,14.9254,14.7613,1.011118,89.94,1,,,
PPDmUg-20260805-065319,PPDmUg,20260805,065319,2,1,327,326,21.866,,6000,False,0,322,3,1,0.0,0,0,0,0,3,107.3,45,260,0,0.2857,O1 G1 S260 G1 S17 G1 S45,3,261,139.5,171.83,261:1; 18:1,260,17.33,6030:214; 5940:108; 11970:2; 0:1; 12060:1,6030,14.9254,14.909,1.001099,910.08,261,,,
PPDmUg-20260805-065339,PPDmUg,20260805,065339,2,1,300,299,20.467,,6000,False,0,293,6,0,0.0,0,0,0,0,7,41.9,5,141,0,0.1538,S29 G1 S4 G1 S2 G1 S2 G1 S5 G1 S141 G1 S110,6,3,31.8,61.62,3:2; 5:1; 6:1,141,9.4,6030:196; 5940:97; 11970:3; 18000:2; 12060:1,6030,14.9254,14.6089,1.021664,46.16,3,,,
PPDmUg-20260805-065359,PPDmUg,20260805,065359,2,1,246,245,16.467,,6000,False,0,243,2,0,0.0,0,0,0,0,3,81,70,167,0,0.4,S167 G1 S6 G1 S70,2,7,7,,7:1,167,11.13,6030:163; 5940:80; 11970:2,6030,14.9254,14.8782,1.003168,315.67,7,,,
PPDmUg-20260805-065531,PPDmUg,20260805,065531,2,1,327,326,21.8,,6000,False,0,323,2,1,0.0,0,0,0,0,2,161.5,161.5,322,0,0.4,O1 G1 S1 G1 S322,2,2,2,,2:1,322,21.47,6030:214; 5940:109; 12060:2; 0:1,6030,14.9254,14.9541,0.998077,,2,,,
PPDmUg-20260805-065552,PPDmUg,20260805,065552,2,1,300,299,19.933,,6000,False,0,299,0,0,0.0,0,0,0,0,1,299,299,299,0,1.0,,0,,,,,299,19.93,6030:199; 5940:100,6030,14.9254,15.0003,0.995008,,,,,
PPDmUg-20260805-065612,PPDmUg,20260805,065612,2,1,253,252,17.067,,6000,False,0,249,3,0,0.0,0,0,0,0,4,62.2,27.5,190,0,0.2857,S50 G1 S5 G1 S4 G1 S190,3,6,5.5,0.71,6:1; 5:1,190,12.67,6030:167; 5940:82; 11970:2; 18000:1,6030,14.9254,14.7653,1.010839,92.26,6,,,
PPDmUg-20260805-065845,PPDmUg,20260805,065845,2,1,327,326,22.2,,6000,False,0,320,5,1,0.0,0,0,0,0,2,160,160.0,271,0,0.4,O1 G1 S271 G4 S49,5,1,68.75,135.5,1:3; 272:1,271,18.07,6030:212; 5940:108; 12060:2; 0:1; 24030:1; 18000:1,6030,14.9254,14.6847,1.01639,61.01,1,,,
PPDmUg-20260805-065906,PPDmUg,20260805,065906,2,1,300,299,20.667,,6000,False,0,296,3,0,0.0,0,0,0,0,2,148,148.0,288,0,0.6667,S288 G3 S8,3,1,1,0.0,1:2,288,19.2,6030:198; 5940:98; 42030:1; 29970:1; 11970:1,6030,14.9254,14.4675,1.031648,31.6,1,,,
PPDmUg-20260805-065926,PPDmUg,20260805,065926,2,1,209,208,13.934,,6000,False,0,207,1,0,0.0,0,0,0,0,2,103.5,103.5,153,0,0.6667,S54 G1 S153,1,,,,,153,10.2,6030:138; 5940:69; 12060:1,6030,14.9254,14.9275,0.999856,,,,,
PPDmUg-20260805-071100,PPDmUg,20260805,071100,2,1,598,597,23.2,3000,,False,514,0,82,1,0.861,2,257,257.0,357,0,0,0,0,0,0.3333,O1 G1 F357 G14 F157 G67,82,1,7.35,43.13,1:79; 358:1; 158:1,357,11.9,2970:343; 3060:171; 6030:47; 5940:26; 12060:5; 11970:4,2970,30.303,25.7328,1.177605,5.63,1,,,
PPDmUg-20260805-071123,PPDmUg,20260805,071123,2,1,299,298,19.866,,6000,False,0,298,0,0,0.0,0,0,0,0,1,298,298,298,0,1.0,,0,,,,,298,19.87,6030:198; 5940:100,6030,14.9254,15.0005,0.994991,,,,,
PPDmUg-20260805-071143,PPDmUg,20260805,071143,2,1,261,260,15.767,3003,6000,True,47,213,0,0,0.1808,2,23.5,23.5,46,2,106.5,106.5,212,3,0.5,S212 F1 S1 F46,0,,,,,260,17.33,6030:141; 5940:72; 2970:30; 3060:17,6030,14.9254,16.4901,0.905109,,,,,
PPDmUg-20260805-081349,PPDmUg,20260805,081349,2,1,357,356,23.733,,6000,False,0,354,1,1,0.0,0,0,0,0,1,354,354,354,0,0.6667,O1 G1 S354,1,,,,,354,23.6,6030:236; 5940:118; 0:1; 11970:1,6030,14.9254,15.0002,0.995011,,,,,
PPDmUg-20260805-081412,PPDmUg,20260805,081412,2,1,301,300,20.0,,6000,False,0,300,0,0,0.0,0,0,0,0,1,300,300,300,0,1.0,,0,,,,,300,20.0,6030:200; 5940:100,6030,14.9254,15.0,0.995025,,,,,
PPDmUg-20260805-081432,PPDmUg,20260805,081432,2,1,227,226,15.067,,6000,False,0,226,0,0,0.0,0,0,0,0,1,226,226,226,0,1.0,,0,,,,,226,15.07,6030:151; 5940:75,6030,14.9254,14.9997,0.995047,,,,,
PPDmUg-20260805-094025,PPDmUg,20260805,094025,3,1,375,374,24.933,,6000,False,0,372,1,1,0.0,0,0,0,0,2,186,186.0,371,0,0.5,S1 O1 G1 S371,1,,,,,371,24.73,6030:248; 5940:124; 0:1; 11970:1,6030,14.9254,15.0002,0.995012,,,,,
PPDmUg-20260805-094044,PPDmUg,20260805,094044,3,1,300,299,19.933,,6000,False,0,299,0,0,0.0,0,0,0,0,1,299,299,299,0,1.0,,0,,,,,299,19.93,6030:199; 5940:100,6030,14.9254,15.0003,0.995008,,,,,
PPDmUg-20260805-094105,PPDmUg,20260805,094105,3,1,196,195,13.0,,6000,False,0,195,0,0,0.0,0,0,0,0,1,195,195,195,0,1.0,,0,,,,,195,13.0,6030:130; 5940:65,6030,14.9254,15.0,0.995025,,,,,
PPDmUg-20260805-121502,PPDmUg,20260805,121502,4,1,348,347,23.133,,6000,False,0,345,1,1,0.0,0,0,0,0,2,172.5,172.5,344,0,0.5,S1 O1 G1 S344,1,,,,,344,22.93,6030:229; 5940:116; 0:1; 12060:1,6030,14.9254,15.0002,0.995011,,,False,0.067,
PPDmUg-20260805-121524,PPDmUg,20260805,121524,4,1,300,299,19.933,,6000,False,0,299,0,0,0.0,0,0,0,0,1,299,299,299,0,1.0,,0,,,,,299,19.93,6030:199; 5940:100,6030,14.9254,15.0003,0.995008,,,False,0.067,
PPDmUg-20260805-121544,PPDmUg,20260805,121544,4,1,223,222,14.8,,6000,False,0,222,0,0,0.0,0,0,0,0,1,222,222,222,0,1.0,,0,,,,,222,14.8,6030:148; 5940:74,6030,14.9254,15.0,0.995025,,,False,0.067,
PPDmUg-20260805-132527,PPDmUg,20260805,132527,4,1,335,334,22.266,,6000,False,0,332,1,1,0.0,0,0,0,0,2,166,166.0,331,0,0.5,S1 O1 G1 S331,1,,,,,331,22.07,6030:220; 5940:112; 0:1; 12060:1,6030,14.9254,15.0004,0.994995,,,False,0.067,
PPDmUg-20260805-132549,PPDmUg,20260805,132549,4,1,300,299,19.933,,6000,False,0,299,0,0,0.0,0,0,0,0,1,299,299,299,0,1.0,,0,,,,,299,19.93,6030:199; 5940:100,6030,14.9254,15.0003,0.995008,,,False,0.067,
PPDmUg-20260805-132609,PPDmUg,20260805,132609,4,1,251,250,16.667,,6000,False,0,250,0,0,0.0,0,0,0,0,1,250,250,250,0,1.0,,0,,,,,250,16.67,6030:167; 5940:83,6030,14.9254,14.9997,0.995045,,,False,0.067,
PPDmUg-20260805-152420,PPDmUg,20260805,152420,4,1,338,337,22.467,,6000,False,0,335,1,1,0.0,0,0,0,0,2,167.5,167.5,334,0,0.5,S1 O1 G1 S334,1,,,,,334,22.27,6030:224; 5940:111; 0:1; 11970:1,6030,14.9254,14.9998,0.99504,,,False,0.067,
PPDmUg-20260805-152441,PPDmUg,20260805,152441,4,1,300,299,19.933,,6000,False,0,299,0,0,0.0,0,0,0,0,1,299,299,299,0,1.0,,0,,,,,299,19.93,6030:199; 5940:100,6030,14.9254,15.0003,0.995008,,,False,0.067,
PPDmUg-20260805-152501,PPDmUg,20260805,152501,4,1,233,232,15.466,,6000,False,0,232,0,0,0.0,0,0,0,0,1,232,232,232,0,1.0,,0,,,,,232,15.47,6030:154; 5940:78,6030,14.9254,15.0006,0.994982,,,False,0.067,
PPDmUg-20260805-153249,PPDmUg,20260805,153249,4,1,1838,1837,122.467,,6000,False,0,1835,1,1,0.0,0,0,0,0,2,917.5,917.5,1834,0,0.5,S1 O1 G1 S1834,1,,,,,1834,122.27,6030:1224; 5940:611; 0:1; 11970:1,6030,14.9254,15.0,0.995028,,,False,0.067,
PPDmUg-20260805-153451,PPDmUg,20260805,153451,4,1,1800,1799,119.933,,6000,False,0,1799,0,0,0.0,0,0,0,0,1,1799,1799,1799,0,1.0,,0,,,,,1799,119.93,6030:1199; 5940:600,6030,14.9254,15.0,0.995022,,,False,0.067,
PPDmUg-20260805-153651,PPDmUg,20260805,153651,4,1,1800,1799,119.933,,6000,False,0,1799,0,0,0.0,0,0,0,0,1,1799,1799,1799,0,1.0,,0,,,,,1799,119.93,6030:1199; 5940:600,6030,14.9254,15.0,0.995022,,,False,0.067,
PPDmUg-20260805-153851,PPDmUg,20260805,153851,4,1,1800,1799,119.933,,6000,False,0,1799,0,0,0.0,0,0,0,0,1,1799,1799,1799,0,1.0,,0,,,,,1799,119.93,6030:1199; 5940:600,6030,14.9254,15.0,0.995022,,,False,0.067,
PPDmUg-20260805-154051,PPDmUg,20260805,154051,4,1,1800,1799,119.933,,6000,False,0,1799,0,0,0.0,0,0,0,0,1,1799,1799,1799,0,1.0,,0,,,,,1799,119.93,6030:1199; 5940:600,6030,14.9254,15.0,0.995022,,,False,0.067,
PPDmUg-20260805-154251,PPDmUg,20260805,154251,4,1,1860,1859,119.133,3000,6000,True,158,1694,7,0,0.085,1,158,158,158,9,188.2,105,583,2,0.1176,S583 F158 S105 G1 S52 G1 S10 G1 S210 G1 S9 G1 S18 G1 S538 G1 S169,7,53,140.5,209.76,53:1; 11:1; 211:1,846,56.4,6030:1130; 5940:564; 2970:105; 3060:53; 11970:6; 12060:1,6030,14.9254,15.6044,0.956484,,53,True,0.067,0.085
PPDmUg-20260805-154450,PPDmUg,20260805,154450,4,1,2010,2009,120.4,3000,6000,True,448,1553,8,0,0.223,3,149.3,201,245,9,172.6,10,1182,4,0.1053,S59 F2 S1 F201 G2 S1 G1 S1182 G1 S10 G1 S151 G1 S10 G1 S7 G1 F245 S132,8,11,195.43,438.85,11:2; 1:1; 2:1,1182,78.8,6030:1036; 5940:517; 2970:298; 3060:150; 11970:5; 12060:1,6030,14.9254,16.686,0.894482,,11,True,0.067,0.223
PPDmUg-20260805-154650,PPDmUg,20260805,154650,4,1,1800,1799,119.934,,6000,False,0,1799,0,0,0.0,0,0,0,0,1,1799,1799,1799,0,1.0,,0,,,,,1799,119.93,6030:1200; 5940:599,6030,14.9254,14.9999,0.99503,,,False,0.067,
PPDmUg-20260805-154850,PPDmUg,20260805,154850,4,1,1950,1949,119.8,3000,6000,True,312,1633,4,0,0.1601,2,156,156.0,156,7,233.3,47,1335,4,0.1538,S1335 F156 S47 G1 S170 G1 S5 G1 S4 G1 S1 F156 S71,4,171,60.67,95.55,171:1; 6:1; 5:1,1538,102.53,6030:1089; 5940:544; 2970:208; 3060:104; 11970:3; 12060:1,6030,14.9254,16.2688,0.917424,,171,True,0.067,0.1601
PPDmUg-20260805-155051,PPDmUg,20260805,155051,4,1,1950,1949,120.033,3000,6000,True,315,1625,9,0,0.1616,2,157.5,157.5,158,12,135.4,10.0,922,4,0.087,S395 F157 S114 G1 S85 G1 S13 G1 S7 G1 S4 G1 S3 G1 S3 G1 S2 G1 S1 F158 S76 G1 S922,9,4,45,82.13,4:2; 86:1; 14:1,922,61.47,6030:1083; 5940:542; 2970:209; 3060:106; 11970:7; 12060:2,6030,14.9254,16.2372,0.919208,,4,True,0.067,0.1616
PPDmUg-20260805-155250,PPDmUg,20260805,155250,4,1,1800,1799,119.933,,6000,False,0,1799,0,0,0.0,0,0,0,0,1,1799,1799,1799,0,1.0,,0,,,,,1799,119.93,6030:1199; 5940:600,6030,14.9254,15.0,0.995022,,,False,0.067,
PPDmUg-20260805-155450,PPDmUg,20260805,155450,4,1,1800,1799,119.933,,6000,False,0,1799,0,0,0.0,0,0,0,0,1,1799,1799,1799,0,1.0,,0,,,,,1799,119.93,6030:1199; 5940:600,6030,14.9254,15.0,0.995022,,,False,0.067,
PPDmUg-20260805-155650,PPDmUg,20260805,155650,4,1,1800,1799,119.933,,6000,False,0,1799,0,0,0.0,0,0,0,0,1,1799,1799,1799,0,1.0,,0,,,,,1799,119.93,6030:1199; 5940:600,6030,14.9254,15.0,0.995022,,,False,0.067,
PPDmUg-20260805-155850,PPDmUg,20260805,155850,4,1,1800,1799,119.933,,6000,False,0,1799,0,0,0.0,0,0,0,0,1,1799,1799,1799,0,1.0,,0,,,,,1799,119.93,6030:1199; 5940:600,6030,14.9254,15.0,0.995022,,,False,0.067,
PPDmUg-20260805-160050,PPDmUg,20260805,160050,4,1,1800,1799,120.267,,6000,False,0,1794,5,0,0.0,0,0,0,0,6,299,146.0,854,0,0.1818,S280 G1 S8 G1 S854 G1 S5 G1 S12 G1 S635,5,9,220.75,422.84,9:1; 855:1; 6:1,854,56.93,6030:1197; 5940:597; 11970:4; 12060:1,6030,14.9254,14.9584,0.997793,,9,False,0.067,
PPDmUg-20260805-160251,PPDmUg,20260805,160251,4,1,1770,1769,118.8,,6000,False,0,1756,13,0,0.0,0,0,0,0,14,125.4,7.0,791,0,0.0741,S791 G1 S14 G1 S4 G1 S3 G1 S2 G1 S2 G1 S2 G1 S4 G1 S5 G1 S621 G1 S13 G1 S9 G1 S22 G1 S264,13,3,59.42,177.28,3:3; 5:2; 15:1,791,52.73,6030:1171; 5940:585; 11970:9; 12060:4,6030,14.9254,14.8906,1.002337,427.88,3,False,0.067,
PPDmUg-20260805-160449,PPDmUg,20260805,160449,4,1,1800,1799,120.467,,6000,False,0,1791,8,0,0.0,0,0,0,0,9,199,7,1002,0,0.1176,S299 G1 S7 G1 S3 G1 S5 G1 S12 G1 S450 G1 S7 G1 S6 G1 S1002,8,8,71,167.59,8:2; 4:1; 6:1,1002,66.8,6030:1193; 5940:598; 12060:4; 11970:4,6030,14.9254,14.9336,0.999452,,8,False,0.067,
PPDmUg-20260805-160650,PPDmUg,20260805,160650,4,1,1800,1799,119.934,,6000,False,0,1799,0,0,0.0,0,0,0,0,1,1799,1799,1799,0,1.0,,0,,,,,1799,119.93,6030:1200; 5940:599,6030,14.9254,14.9999,0.99503,,,False,0.067,
PPDmUg-20260805-160850,PPDmUg,20260805,160850,4,1,1800,1799,119.934,,6000,False,0,1799,0,0,0.0,0,0,0,0,1,1799,1799,1799,0,1.0,,0,,,,,1799,119.93,6030:1200; 5940:599,6030,14.9254,14.9999,0.99503,,,False,0.067,
PPDmUg-20260805-161050,PPDmUg,20260805,161050,4,1,1920,1919,120.6,3000,6000,True,220,1699,0,0,0.1146,2,110,110.0,218,3,566.3,448,1249,4,0.4,S1249 F2 S2 F218 S448,0,,,,,1919,127.93,6030:1132; 5940:567; 2970:146; 3060:74,6030,14.9254,15.9121,0.937989,,,True,0.067,0.1146
PPDmUg-20260805-161251,PPDmUg,20260805,161251,4,1,1770,1769,118.133,,6000,False,0,1766,3,0,0.0,0,0,0,0,4,441.5,327.5,1094,0,0.2857,S635 G1 S17 G1 S20 G1 S1094,3,18,19.5,2.12,18:1; 21:1,1094,72.93,6030:1177; 5940:589; 11970:2; 12060:1,6030,14.9254,14.9746,0.996709,,18,False,0.067,
PPDmUg-20260805-161449,PPDmUg,20260805,161449,4,1,1980,1979,121.033,3000,6000,True,327,1652,0,0,0.1652,2,163.5,163.5,326,3,550.7,259,1392,4,0.4,S259 F1 S1 F326 S1392,0,,,,,1979,131.93,6030:1102; 5940:550; 2970:219; 3060:108,6030,14.9254,16.3509,0.912816,,,True,0.067,0.1652
PPDmUg-20260805-161650,PPDmUg,20260805,161650,4,1,1800,1799,119.933,,6000,False,0,1799,0,0,0.0,0,0,0,0,1,1799,1799,1799,0,1.0,,0,,,,,1799,119.93,6030:1199; 5940:600,6030,14.9254,15.0,0.995022,,,False,0.067,
PPDmUg-20260805-161849,PPDmUg,20260805,161849,4,1,1980,1979,120.133,3000,6000,True,360,1616,3,0,0.1819,3,120,156,203,6,269.3,87.5,1202,5,0.1667,F1 S1 F203 S1202 G1 S5 F156 S27 G1 S148 G1 S233,3,189,169,28.28,189:1; 149:1,1407,93.8,6030:1078; 5940:538; 2970:240; 3060:120; 11970:3,6030,14.9254,16.4734,0.906028,,189,True,0.067,0.1819
PPDmUg-20260805-162050,PPDmUg,20260805,162050,4,1,1800,1799,120.0,,6000,False,0,1798,1,0,0.0,0,0,0,0,2,899,899.0,1758,0,0.6667,S40 G1 S1758,1,,,,,1758,117.2,6030:1199; 5940:599; 11970:1,6030,14.9254,14.9917,0.995578,,,False,0.067,
PPDmUg-20260805-162251,PPDmUg,20260805,162251,4,1,1800,1799,119.933,,6000,False,0,1799,0,0,0.0,0,0,0,0,1,1799,1799,1799,0,1.0,,0,,,,,1799,119.93,6030:1199; 5940:600,6030,14.9254,15.0,0.995022,,,False,0.067,
PPDmUg-20260805-162451,PPDmUg,20260805,162451,4,1,452,451,30.2,,6000,False,0,450,1,0,0.0,0,0,0,0,1,450,450,450,0,1.0,S450 G1,1,,,,,450,30.0,6030:300; 5940:150; 18000:1,6030,14.9254,14.9338,0.999437,,,False,0.067,
PPDmUg-20260805-162627,PPDmUg,20260805,162627,4,3,1831,1830,122.0,,6000,False,0,1828,1,1,0.0,0,0,0,0,2,914,914.0,1827,0,0.5,S1 O1 G1 S1827,1,,,,,1827,121.8,6030:1219; 5940:609; 0:1; 11970:1,6030,14.9254,15.0,0.995025,,,False,0.067,
PPDmUg-20260805-162827,PPDmUg,20260805,162827,4,3,1889,1888,119.333,3000,6000,True,206,1677,5,0,0.1091,1,206,206,206,7,239.6,5,1537,2,0.1538,S1537 G1 S14 G1 S5 G1 S1 F206 S5 G1 S4 G1 S111,5,15,59.75,102.27,15:1; 6:1; 213:1,1537,102.47,6030:1118; 5940:559; 2970:137; 3060:69; 11970:4; 12060:1,6030,14.9254,15.8213,0.943374,,15,True,0.067,0.1091
PPDmUg-20260805-163027,PPDmUg,20260805,163027,4,3,1680,1679,118.533,,6000,False,0,1586,93,0,0.0,0,0,0,0,88,18.0,2.0,556,0,0.0114,S455 G2 S556 G1 S5 G1 S4 G1 S2 G1 S6 G1 S5 G1 S7 G1 S4 G1 S3 G1 S2 G1 S3 G1 S3 G1 S2 G1 S2 G1 ...+145,93,2,9.61,57.73,2:28; 3:20; 4:14,556,37.07,6030:1061; 5940:525; 11970:65; 12060:26; 18000:1; 42030:1,6030,14.9254,14.1648,1.053692,18.62,2,False,0.067,
PPDmUg-20260805-163225,PPDmUg,20260805,163225,4,3,1184,1183,78.933,,6000,False,0,1182,1,0,0.0,0,0,0,0,1,1182,1182,1182,0,1.0,S1182 G1,1,,,,,1182,78.8,6030:788; 5940:394; 11970:1,6030,14.9254,14.9874,0.995862,,,False,0.067,
PPDmUg-20260805-163521,PPDmUg,20260805,163521,4,6,1750,1749,121.867,,6000,False,0,1668,80,1,0.0,0,0,0,0,80,20.9,2.0,774,0,0.0125,S1 O1 G1 S30 G1 S6 G1 S3 G1 S3 G1 S3 G1 S4 G1 S5 G1 S5 G1 S4 G1 S2 G1 S2 G1 S2 G1 S3 G1 S4 ...+130,80,3,12.3,36.81,3:22; 2:21; 5:8,774,51.6,6030:1110; 5940:558; 11970:51; 12060:29; 0:1,6030,14.9254,14.3517,1.039972,25.02,3,False,0.067,
PPDmUg-20260805-163723,PPDmUg,20260805,163723,4,6,377,376,25.067,,6000,False,0,376,0,0,0.0,0,0,0,0,1,376,376,376,0,1.0,,0,,,,,376,25.07,6030:251; 5940:125,6030,14.9254,14.9998,0.995038,,,False,0.067,
PPDmUg-20260807-101924,PPDmUg,20260807,101924,4,1,337,336,22.4,,6000,False,0,334,1,1,0.0,0,0,0,0,2,167,167.0,333,0,0.5,S1 O1 G1 S333,1,,,,,333,22.2,6030:223; 5940:111; 0:1; 11970:1,6030,14.9254,15.0,0.995025,,,False,0.067,
PPDmUg-20260807-101945,PPDmUg,20260807,101945,4,1,300,299,19.933,,6000,False,0,299,0,0,0.0,0,0,0,0,1,299,299,299,0,1.0,,0,,,,,299,19.93,6030:199; 5940:100,6030,14.9254,15.0003,0.995008,,,False,0.067,
PPDmUg-20260807-102005,PPDmUg,20260807,102005,4,1,234,233,15.533,,6000,False,0,233,0,0,0.0,0,0,0,0,1,233,233,233,0,1.0,,0,,,,,233,15.53,6030:155; 5940:78,6030,14.9254,15.0003,0.995004,,,False,0.067,
PPDmUg-20260807-102124,PPDmUg,20260807,102124,4,1,337,336,22.4,,6000,False,0,334,1,1,0.0,0,0,0,0,2,167,167.0,333,0,0.5,S1 O1 G1 S333,1,,,,,333,22.2,6030:223; 5940:111; 0:1; 11970:1,6030,14.9254,15.0,0.995025,,,False,0.067,
PPDmUg-20260807-102147,PPDmUg,20260807,102147,4,1,226,225,15.067,,6000,False,0,224,1,0,0.0,0,0,0,0,1,224,224,224,0,1.0,S224 G1,1,,,,,224,14.93,6030:149; 5940:75; 12060:1,6030,14.9254,14.9333,0.999469,,,False,0.067,
