gt_track_id,boundary_frame,src_node_id,dst_node_id,population,gt_correct,curr_person_id,nxt_person_id,curr_in_group,nxt_in_group,edge_id,edge_type,is_allowed,disallow_reasons,total_cost,term_env,term_time,term_vreq,term_missing_geom,term_flags,term_group_coherence,term_birth_prior,term_death_prior,term_merge_prior,term_split_prior,dt_s,dist_m,v_req_mps
0,105,G:0-104:carrier=t2:d=none:n=t17,T:t17,no_edge_exists,,p0001,p0002,False,False,,,,,,,,,,,,,,,,,,
0,120,G:106-119:carrier=t2:d=t17:n=t21,T:t21,no_edge_exists,,p0001,p0002,False,False,,,,,,,,,,,,,,,,,,
0,363,G:121-362:carrier=t2:d=t21:n=t49,T:t2:s5:363-403,no_edge_exists,,p0001,p0001,False,False,,,,,,,,,,,,,,,,,,
0,379,T:t2:s5:363-403,T:t49,no_edge_exists,,p0001,p0002,False,False,,,,,,,,,,,,,,,,,,
0,380,T:t49,T:t2:s5:363-403,no_edge_exists,,p0002,p0001,False,False,,,,,,,,,,,,,,,,,,
0,404,T:t2:s5:363-403,G:404-488:carrier=t2:d=t51:n=t62,no_edge_exists,,p0001,p0001,False,True,,,,,,,,,,,,,,,,,,
0,489,G:404-488:carrier=t2:d=t51:n=t62,T:t2:s7:489-567,no_edge_exists,,p0001,p0001,True,False,,,,,,,,,,,,,,,,,,
0,563,T:t2:s7:489-567,T:t62,no_edge_exists,,p0001,p0006,False,False,,,,,,,,,,,,,,,,,,
0,567,T:t62,T:t2:s7:489-567,no_edge_exists,,p0006,p0001,False,False,,,,,,,,,,,,,,,,,,
0,568,T:t2:s7:489-567,G:568-625:carrier=t2:d=t62:n=t81,no_edge_exists,,p0001,p0001,False,True,,,,,,,,,,,,,,,,,,
0,626,G:568-625:carrier=t2:d=t62:n=t81,T:t2:s9:626-672,no_edge_exists,,p0001,p0001,True,False,,,,,,,,,,,,,,,,,,
0,673,T:t2:s9:626-672,G:673-682:carrier=t2:d=t81:n=t81_s2,no_edge_exists,,p0001,p0001,False,True,,,,,,,,,,,,,,,,,,
0,683,G:673-682:carrier=t2:d=t81:n=t81_s2,G:683-711:carrier=t2:d=t81_s1:n=t86,no_edge_exists,,p0001,p0001,True,False,,,,,,,,,,,,,,,,,,
0,712,G:683-711:carrier=t2:d=t81_s1:n=t86,T:t86,no_edge_exists,,p0001,p0005,False,False,,,,,,,,,,,,,,,,,,
0,719,T:t86,T:t2:s12:712-894,no_edge_exists,,p0005,p0001,False,False,,,,,,,,,,,,,,,,,,
0,720,T:t2:s12:712-894,T:t86,no_edge_exists,,p0001,p0005,False,False,,,,,,,,,,,,,,,,,,
0,728,T:t86,T:t2:s12:712-894,no_edge_exists,,p0005,p0001,False,False,,,,,,,,,,,,,,,,,,
0,927,G:731-1041:carrier=t88:d=none:n=t110,G:895-1264:carrier=t2:d=t102:n=t135,no_edge_exists,,,p0001,False,False,,,,,,,,,,,,,,,,,,
0,929,G:895-1264:carrier=t2:d=t102:n=t135,G:731-1041:carrier=t88:d=none:n=t110,no_edge_exists,,p0001,,False,False,,,,,,,,,,,,,,,,,,
0,1042,G:731-1041:carrier=t88:d=none:n=t110,T:t88:s1:1042-1042,no_edge_exists,,,p0010,False,False,,,,,,,,,,,,,,,,,,
0,1043,T:t88:s1:1042-1042,G:1043-1148:carrier=t88:d=t110:n=t122,no_edge_exists,,p0010,p0005,False,False,,,,,,,,,,,,,,,,,,
0,1149,G:1043-1148:carrier=t88:d=t110:n=t122,T:t88:s3:1149-1149,no_edge_exists,,p0005,p0005,False,False,,,,,,,,,,,,,,,,,,
0,1235,G:1150-1234:carrier=t88:d=t122:n=none,G:895-1264:carrier=t2:d=t102:n=t135,no_edge_exists,,p0005,p0001,False,False,,,,,,,,,,,,,,,,,,
0,1265,G:895-1264:carrier=t2:d=t102:n=t135,T:t2:s14:1265-1577,no_edge_exists,,p0001,p0001,False,False,,,,,,,,,,,,,,,,,,
0,1577,T:t2:s14:1265-1577,T:t135,no_edge_exists,,p0001,p0003,False,False,,,,,,,,,,,,,,,,,,
0,1588,G:1578-1587:carrier=t2:d=t135:n=t161,T:t2:s16:1588-1648,no_edge_exists,,p0001,p0001,False,False,,,,,,,,,,,,,,,,,,
0,1649,T:t2:s16:1588-1648,G:1649-1716:carrier=t2:d=t161:n=t165,no_edge_exists,,p0001,p0001,False,False,,,,,,,,,,,,,,,,,,
0,1719,T:t165,T:t2:s18:1717-1735,no_edge_exists,,p0003,p0001,False,False,,,,,,,,,,,,,,,,,,
0,1721,T:t2:s18:1717-1735,T:t165,no_edge_exists,,p0001,p0003,False,False,,,,,,,,,,,,,,,,,,
0,1722,T:t165,T:t2:s18:1717-1735,no_edge_exists,,p0003,p0001,False,False,,,,,,,,,,,,,,,,,,
0,1736,T:t2:s18:1717-1735,G:1736-1763:carrier=t2:d=t165:n=none,no_edge_exists,,p0001,p0001,False,False,,,,,,,,,,,,,,,,,,
1,8,T:t1:s0:0-8,T:t8,no_edge_exists,,p0005,p0010,False,False,,,,,,,,,,,,,,,,,,
1,138,G:9-137:carrier=t1:d=t8:n=t25,T:t25,no_edge_exists,,p0005,p0010,False,False,,,,,,,,,,,,,,,,,,
1,170,G:139-169:carrier=t1:d=t25:n=t29,T:t1:s4:170-171,no_edge_exists,,p0005,p0005,False,False,,,,,,,,,,,,,,,,,,
1,172,T:t1:s4:170-171,G:172-181:carrier=t1:d=t29:n=t31,no_edge_exists,,p0005,p0005,False,True,,,,,,,,,,,,,,,,,,
1,182,G:172-181:carrier=t1:d=t29:n=t31,T:t1:s6:182-183,no_edge_exists,,p0005,p0005,True,False,,,,,,,,,,,,,,,,,,
1,184,T:t1:s6:182-183,G:184-279:carrier=t1:d=t31:n=none,no_edge_exists,,p0005,p0005,False,True,,,,,,,,,,,,,,,,,,
2,202,G:0-201:carrier=t3:d=none:n=t34,T:t3:s1:202-207,chosen_wrong,False,p0004,p0003,True,False,E:CONT:G:0-201:carrier=t3:d=none:n=t34->T:t3:s1:202-207,EdgeType.CONTINUE,True,[],0.01648509723196163,0.01,0.006485097231961632,0.0,0.0,0.0,0.0,0.0,0.0,0.0,0.0,0.067,0.0050876748492875426,0.07593544551175437
2,254,G:208-253:carrier=t3:d=t34:n=t40,T:t40,no_edge_exists,,p0004,p0004,False,False,,,,,,,,,,,,,,,,,,
2,359,G:270-358:carrier=t3:d=t41:n=t47,T:t3:s5:359-666,no_edge_exists,,p0003,p0003,False,False,,,,,,,,,,,,,,,,,,
2,378,T:t3:s5:359-666,T:t47,no_edge_exists,,p0003,p0007,False,False,,,,,,,,,,,,,,,,,,
2,379,T:t47,T:t3:s5:359-666,no_edge_exists,,p0007,p0003,False,False,,,,,,,,,,,,,,,,,,
2,412,T:t3:s5:359-666,T:t47,no_edge_exists,,p0003,p0007,False,False,,,,,,,,,,,,,,,,,,
2,415,T:t47,T:t3:s5:359-666,no_edge_exists,,p0007,p0003,False,False,,,,,,,,,,,,,,,,,,
2,418,T:t3:s5:359-666,T:t47,no_edge_exists,,p0003,p0007,False,False,,,,,,,,,,,,,,,,,,
2,419,T:t47,T:t3:s5:359-666,no_edge_exists,,p0007,p0003,False,False,,,,,,,,,,,,,,,,,,
2,445,T:t3:s5:359-666,T:t47,no_edge_exists,,p0003,p0007,False,False,,,,,,,,,,,,,,,,,,
2,456,T:t47,T:t3:s5:359-666,no_edge_exists,,p0007,p0003,False,False,,,,,,,,,,,,,,,,,,
2,465,T:t3:s5:359-666,T:t47,no_edge_exists,,p0003,p0007,False,False,,,,,,,,,,,,,,,,,,
2,466,T:t47,T:t3:s5:359-666,no_edge_exists,,p0007,p0003,False,False,,,,,,,,,,,,,,,,,,
2,470,T:t3:s5:359-666,T:t47,no_edge_exists,,p0003,p0007,False,False,,,,,,,,,,,,,,,,,,
2,472,T:t47,T:t3:s5:359-666,no_edge_exists,,p0007,p0003,False,False,,,,,,,,,,,,,,,,,,
2,481,T:t3:s5:359-666,T:t47,no_edge_exists,,p0003,p0007,False,False,,,,,,,,,,,,,,,,,,
2,482,T:t47,T:t3:s5:359-666,no_edge_exists,,p0007,p0003,False,False,,,,,,,,,,,,,,,,,,
2,484,T:t3:s5:359-666,T:t47,no_edge_exists,,p0003,p0007,False,False,,,,,,,,,,,,,,,,,,
2,487,T:t47,T:t3:s5:359-666,no_edge_exists,,p0007,p0003,False,False,,,,,,,,,,,,,,,,,,
2,488,T:t3:s5:359-666,T:t47,no_edge_exists,,p0003,p0007,False,False,,,,,,,,,,,,,,,,,,
2,489,T:t47,T:t3:s5:359-666,no_edge_exists,,p0007,p0003,False,False,,,,,,,,,,,,,,,,,,
2,491,T:t3:s5:359-666,T:t47,no_edge_exists,,p0003,p0007,False,False,,,,,,,,,,,,,,,,,,
2,492,T:t47,T:t3:s5:359-666,no_edge_exists,,p0007,p0003,False,False,,,,,,,,,,,,,,,,,,
2,506,T:t3:s5:359-666,T:t47,no_edge_exists,,p0003,p0007,False,False,,,,,,,,,,,,,,,,,,
2,508,T:t47,T:t3:s5:359-666,no_edge_exists,,p0007,p0003,False,False,,,,,,,,,,,,,,,,,,
2,524,T:t3:s5:359-666,T:t47,no_edge_exists,,p0003,p0007,False,False,,,,,,,,,,,,,,,,,,
2,525,T:t47,T:t3:s5:359-666,no_edge_exists,,p0007,p0003,False,False,,,,,,,,,,,,,,,,,,
2,529,T:t3:s5:359-666,T:t47,no_edge_exists,,p0003,p0007,False,False,,,,,,,,,,,,,,,,,,
2,530,T:t47,T:t3:s5:359-666,no_edge_exists,,p0007,p0003,False,False,,,,,,,,,,,,,,,,,,
2,537,T:t3:s5:359-666,T:t47,no_edge_exists,,p0003,p0007,False,False,,,,,,,,,,,,,,,,,,
2,538,T:t47,T:t3:s5:359-666,no_edge_exists,,p0007,p0003,False,False,,,,,,,,,,,,,,,,,,
2,572,T:t3:s5:359-666,T:t47,no_edge_exists,,p0003,p0007,False,False,,,,,,,,,,,,,,,,,,
2,573,T:t47,T:t3:s5:359-666,no_edge_exists,,p0007,p0003,False,False,,,,,,,,,,,,,,,,,,
2,644,T:t3:s5:359-666,T:t47,no_edge_exists,,p0003,p0007,False,False,,,,,,,,,,,,,,,,,,
2,645,T:t47,T:t3:s5:359-666,no_edge_exists,,p0007,p0003,False,False,,,,,,,,,,,,,,,,,,
2,646,T:t3:s5:359-666,T:t47,no_edge_exists,,p0003,p0007,False,False,,,,,,,,,,,,,,,,,,
2,647,T:t47,T:t3:s5:359-666,no_edge_exists,,p0007,p0003,False,False,,,,,,,,,,,,,,,,,,
2,667,T:t3:s5:359-666,G:667-702:carrier=t3:d=t82:n=none,no_edge_exists,,p0003,p0003,False,True,,,,,,,,,,,,,,,,,,
2,1210,T:t120,T:t126,no_edge_exists,,p0011,p0012,False,False,,,,,,,,,,,,,,,,,,
2,1650,G:1561-1649:carrier=t147:d=t158:n=t163,T:t147:s6:1650-1754,no_edge_exists,,p0004,p0004,False,False,,,,,,,,,,,,,,,,,,
2,1684,T:t147:s6:1650-1754,T:t163,no_edge_exists,,p0004,p0012,False,False,,,,,,,,,,,,,,,,,,
2,1693,T:t163,T:t147:s6:1650-1754,no_edge_exists,,p0012,p0004,False,False,,,,,,,,,,,,,,,,,,
2,1702,T:t147:s6:1650-1754,T:t163,no_edge_exists,,p0004,p0012,False,False,,,,,,,,,,,,,,,,,,
2,1719,T:t163,T:t147:s6:1650-1754,no_edge_exists,,p0012,p0004,False,False,,,,,,,,,,,,,,,,,,
2,1724,T:t166,T:t147:s6:1650-1754,no_edge_exists,,p0017,p0004,False,False,,,,,,,,,,,,,,,,,,
3,104,T:t10:s0:35-103,G:104-136:carrier=t10:d=t16:n=none,chosen_wrong,False,p0011,p0006,False,True,E:CONT:T:t10:s0:35-103->G:104-136:carrier=t10:d=t16:n=none,EdgeType.CONTINUE,True,[],0.01639133257436528,0.01,0.006391332574365281,0.0,0.0,0.0,0.0,0.0,0.0,0.0,0.0,0.066,0.015889181782810655,0.24074517852743416
3,518,T:t67:s0:510-522,T:t68,no_edge_exists,,p0010,p0004,False,False,,,,,,,,,,,,,,,,,,
3,624,G:523-623:carrier=t67:d=t68:n=t79,T:t67:s2:624-630,no_edge_exists,,p0004,p0004,False,False,,,,,,,,,,,,,,,,,,
3,625,T:t67:s2:624-630,T:t79,no_edge_exists,,p0004,p0010,False,False,,,,,,,,,,,,,,,,,,
3,631,T:t79,G:631-704:carrier=t67:d=t79:n=none,no_edge_exists,,p0010,p0004,False,False,,,,,,,,,,,,,,,,,,
3,814,G:750-820:carrier=t90:d=t67_s2:n=t94,T:t93,no_edge_exists,,p0004,p0012,True,False,,,,,,,,,,,,,,,,,,
3,817,T:t93,G:750-820:carrier=t90:d=t67_s2:n=t94,no_edge_exists,,p0012,p0004,False,True,,,,,,,,,,,,,,,,,,
3,821,G:750-820:carrier=t90:d=t67_s2:n=t94,T:t94,chosen_wrong,False,p0004,p0005,True,False,E:SPLIT:G:750-820:carrier=t90:d=t67_s2:n=t94->T:t94,EdgeType.SPLIT,True,[],0.1970427236438787,0.01,0.0,0.03704272364387871,0.0,0.0,0.05,0.0,0.0,0.0,0.1,,0.3849297268015486,
3,1381,G:1356-1380:carrier=t147:d=t4_s12:n=t152,T:t147:s2:1381-1385,no_edge_exists,,p0012,p0004,False,False,,,,,,,,,,,,,,,,,,
3,1385,T:t152,T:t147:s2:1381-1385,no_edge_exists,,p0012,p0004,False,False,,,,,,,,,,,,,,,,,,
3,1559,G:1386-1558:carrier=t147:d=t152:n=t158,T:t158,no_edge_exists,,p0012,p0012,False,False,,,,,,,,,,,,,,,,,,
3,1739,T:t166,T:t147:s6:1650-1754,no_edge_exists,,p0017,p0004,False,False,,,,,,,,,,,,,,,,,,
3,1743,T:t147:s6:1650-1754,T:t166,no_edge_exists,,p0004,p0017,False,False,,,,,,,,,,,,,,,,,,
4,673,T:t81,G:673-682:carrier=t2:d=t81:n=t81_s2,chosen_wrong,False,p0006,p0005,False,True,E:MERGE:T:t81->G:673-682:carrier=t2:d=t81:n=t81_s2,EdgeType.MERGE,True,[],0.6125352567848198,0.01,0.0,0.4525352567848198,0.0,0.0,0.05,0.0,0.0,0.1,0.0,,1.009061112007516,
4,894,T:t2:s12:712-894,T:t102,no_edge_exists,,p0001,p0003,False,False,,,,,,,,,,,,,,,,,,
4,895,T:t102,G:895-1264:carrier=t2:d=t102:n=t135,no_edge_exists,,p0003,p0003,False,False,,,,,,,,,,,,,,,,,,
4,1717,G:1649-1716:carrier=t2:d=t161:n=t165,T:t2:s18:1717-1735,no_edge_exists,,p0003,p0001,False,False,,,,,,,,,,,,,,,,,,
5,4,T:t6,G:4-76:carrier=t4:d=t6:n=none,no_edge_exists,,p0009,p0006,False,False,,,,,,,,,,,,,,,,,,
