camera,hour,run_label,segment_filename,wall_start_utc,timing_mode,excluded_cfr_grid,sidecar_schema,measured_fps,input_frame_count,output_frame_count,mismatch,attempt,seg_seconds,is_phase2,width,height,bitrate_bps,brightness_mean,brightness_std,people_mean_025,people_max_025,people_mean_045,people_max_045,n_samples,dt_median_ms,dt_min_ms,dt_max_ms,dt_std_ms,n_near_33ms,n_near_67ms,n_dt_total
FP7oJQ,09,smoke_09,FP7oJQ-20260804-093417.mp4,20260804-093417,passthrough,False,,14.9254,327,300,True,1,21.9,False,1920,1080,727475,100.2,0.94,1.0,1,1.0,1,10,,,,,,,
FP7oJQ,09,smoke_09,FP7oJQ-20260804-093438.mp4,20260804-093438,passthrough,False,,14.9254,271,270,True,1,18.2,False,1920,1080,686270,98.83,0.55,1.0,1,1.0,1,9,,,,,,,
FP7oJQ,09,smoke_09,FP7oJQ-20260804-093457.mp4,20260804-093457,passthrough,False,,14.9254,219,247,True,1,14.7,False,1920,1080,733315,98.99,0.24,1.0,1,0.67,1,9,,,,,,,
FP7oJQ,10,smoke_10,FP7oJQ-20260804-104057.mp4,20260804-104057,passthrough,False,,14.9254,318,300,True,1,21.3,False,1920,1080,599344,98.24,0.23,1.0,1,1.0,1,10,,,,,,,
FP7oJQ,10,smoke_10,FP7oJQ-20260804-104117.mp4,20260804-104117,passthrough,False,,0.0,1,17,True,1,,False,1920,1080,1027913,97.89,0.0,1.0,1,1.0,1,1,,,,,,,
FP7oJQ,10,smoke_10,FP7oJQ-20260804-104855.mp4,20260804-104855,cfr_grid,True,,13.8571,304,300,True,1,21.9,False,1920,1080,682064,,,,,,,0,,,,,,,
FP7oJQ,10,smoke_10,FP7oJQ-20260804-104915.mp4,20260804-104915,cfr_grid,True,,13.8321,72,105,True,1,5.2,False,1920,1080,856116,,,,,,,0,,,,,,,
FP7oJQ,10,smoke_10,FP7oJQ-20260804-105730.mp4,20260804-105730,passthrough,False,,14.9254,197,196,True,2,13.2,False,1920,1080,617206,98.66,0.95,1.0,1,0.86,1,7,,,,,,,
FP7oJQ,11,smoke_11,FP7oJQ-20260804-110234.mp4,20260804-110234,cfr_grid,True,,13.8499,302,300,True,1,21.8,False,1920,1080,726629,,,,,,,0,,,,,,,
FP7oJQ,11,smoke_11,FP7oJQ-20260804-110253.mp4,20260804-110253,cfr_grid,True,,13.6805,32,59,True,1,2.3,False,1920,1080,764694,,,,,,,0,,,,,,,
FP7oJQ,11,smoke_11,FP7oJQ-20260804-114425.mp4,20260804-114425,passthrough,False,2,15.0,334,300,True,1,22.3,False,1920,1080,706332,91.48,0.29,1.0,1,1.0,1,10,,,,,,,
FP7oJQ,11,smoke_11,FP7oJQ-20260804-114448.mp4,20260804-114448,passthrough,False,2,14.9997,262,270,True,1,17.5,False,1920,1080,718107,89.64,0.87,1.0,1,1.0,1,9,,,,,,,
FP7oJQ,11,smoke_11,FP7oJQ-20260804-114506.mp4,20260804-114506,passthrough,False,2,15.0004,219,245,True,1,14.6,False,1920,1080,798943,90.84,1.72,1.0,1,1.0,1,9,,,,,,,
FP7oJQ,11,smoke_11,FP7oJQ-20260804-114641.mp4,20260804-114641,cfr_grid,True,2,15.0003,303,300,True,1,20.2,False,1920,1080,721240,,,,,,,0,,,,,,,
FP7oJQ,11,smoke_11,FP7oJQ-20260804-114700.mp4,20260804-114700,cfr_grid,True,2,15.0021,80,106,True,1,5.3,False,1920,1080,789938,,,,,,,0,,,,,,,
FP7oJQ,14,smoke_14,FP7oJQ-20260804-142902.mp4,20260804-142902,passthrough,False,2,14.9997,327,300,True,1,21.8,False,1920,1080,688828,89.51,0.06,1.0,1,1.0,1,10,,,,,,,
FP7oJQ,14,smoke_14,FP7oJQ-20260804-142923.mp4,20260804-142923,passthrough,False,2,15.0003,269,270,True,1,17.9,False,1920,1080,684045,89.48,0.04,1.0,1,1.0,1,9,,,,,,,
FP7oJQ,14,smoke_14,FP7oJQ-20260804-142942.mp4,20260804-142942,passthrough,False,2,15.0004,219,245,True,1,14.6,False,1920,1080,768938,89.43,0.16,1.0,1,1.0,1,9,,,,,,,
FP7oJQ,14,smoke_14,FP7oJQ-20260804-143604.mp4,20260804-143604,cfr_grid,True,2,14535.0734,318,270,True,1,0.0,False,1920,1080,680629,,,,,,,0,,,,,,,
FP7oJQ,14,smoke_14,FP7oJQ-20260804-143625.mp4,20260804-143625,cfr_grid,True,2,14501.6611,286,270,True,1,0.0,False,1920,1080,650452,,,,,,,0,,,,,,,
FP7oJQ,14,smoke_14,FP7oJQ-20260804-143646.mp4,20260804-143646,cfr_grid,True,2,15402.6846,203,219,True,1,0.0,False,1920,1080,707000,,,,,,,0,,,,,,,
FP7oJQ,15,aborted,FP7oJQ-20260804-150842.mp4,20260804-150842,passthrough,False,2,15.0002,1465,1466,True,1,97.7,False,1920,1080,579142,86.09,0.83,1.0,1,0.9,1,10,,,,,,,
FP7oJQ,15,capture,FP7oJQ-20260804-153236.mp4,20260804-153236,passthrough,False,2,15.001,1706,1680,True,1,113.7,False,1920,1080,691709,85.92,0.52,1.08,2,0.83,1,12,,,,,,,
FP7oJQ,15,capture,FP7oJQ-20260804-153437.mp4,20260804-153437,passthrough,False,2,15.0014,1541,1568,True,1,102.7,False,1920,1080,681385,86.55,0.28,1.0,1,1.0,1,11,,,,,,,
FP7oJQ,15,capture,FP7oJQ-20260804-153853.mp4,20260804-153853,passthrough,False,2,15.0,358,359,True,5,23.9,False,1920,1080,597698,89.8,2.32,1.0,1,1.0,1,12,,,,,,,
FP7oJQ,15,capture,FP7oJQ-20260804-154214.mp4,20260804-154214,passthrough,False,2,15.0003,1707,1680,True,7,113.8,False,1920,1080,690267,88.5,1.13,1.0,1,0.92,1,12,,,,,,,
FP7oJQ,15,capture,FP7oJQ-20260804-154415.mp4,20260804-154415,passthrough,False,2,14.9998,534,562,True,7,35.6,False,1920,1080,675121,88.11,0.08,1.0,1,1.0,1,4,,,,,,,
FP7oJQ,15,capture,FP7oJQ-20260804-154645.mp4,20260804-154645,passthrough,False,2,15.0,1708,1680,True,10,113.9,False,1920,1080,699016,87.43,2.3,1.0,1,1.0,1,12,,,,,,,
FP7oJQ,15,capture,FP7oJQ-20260804-154847.mp4,20260804-154847,passthrough,False,2,15.0001,1679,1680,True,10,111.9,False,1920,1080,699030,86.7,2.19,1.0,1,1.0,1,12,,,,,,,
FP7oJQ,15,capture,FP7oJQ-20260804-155048.mp4,20260804-155048,passthrough,False,2,14.9999,1650,1650,False,10,110.0,False,1920,1080,682951,87.36,1.79,1.0,1,0.91,1,11,,,,,,,
FP7oJQ,15,capture,FP7oJQ-20260804-155247.mp4,20260804-155247,passthrough,False,2,14.9999,595,623,True,10,39.7,False,1920,1080,707854,85.84,1.23,1.0,1,1.0,1,5,,,,,,,
FP7oJQ,15,capture,FP7oJQ-20260804-155446.mp4,20260804-155446,passthrough,False,2,14.9999,1707,1680,True,12,113.8,False,1920,1080,667733,84.58,0.08,1.0,1,1.0,1,12,,,,,,,
FP7oJQ,15,capture,FP7oJQ-20260804-155647.mp4,20260804-155647,passthrough,False,2,15.0002,1650,1650,False,12,110.0,False,1920,1080,661764,83.79,0.63,1.0,1,1.0,1,11,,,,,,,
FP7oJQ,15,capture,FP7oJQ-20260804-155847.mp4,20260804-155847,passthrough,False,2,15.0,1651,1650,True,12,110.1,False,1920,1080,667009,83.55,0.79,1.09,2,1.0,2,11,,,,,,,
FP7oJQ,15,capture,FP7oJQ-20260804-160046.mp4,20260804-160046,passthrough,False,2,14.9999,1030,1059,True,12,68.7,False,1920,1080,655976,83.0,0.17,1.12,2,0.88,1,8,,,,,,,
FP7oJQ,15,capture,FP7oJQ-20260804-160252.mp4,20260804-160252,passthrough,False,2,15.0001,1578,1579,True,13,105.2,False,1920,1080,532550,82.35,0.17,1.0,1,1.0,1,11,,,,,,,
FP7oJQ,15,capture,FP7oJQ-20260804-160500.mp4,20260804-160500,passthrough,False,2,15.0,1707,1680,True,14,113.8,False,1920,1080,536689,83.38,0.39,1.0,1,1.0,1,12,,,,,,,
FP7oJQ,15,capture,FP7oJQ-20260804-160701.mp4,20260804-160701,passthrough,False,2,15.0,1650,1650,False,14,110.0,False,1920,1080,533265,85.06,0.88,1.0,1,1.0,1,11,,,,,,,
FP7oJQ,15,capture,FP7oJQ-20260804-160900.mp4,20260804-160900,passthrough,False,2,15.0,1680,1680,False,14,112.0,False,1920,1080,535079,85.12,0.69,1.0,1,1.0,1,12,,,,,,,
FP7oJQ,15,capture,FP7oJQ-20260804-161102.mp4,20260804-161102,passthrough,False,2,14.9998,1650,1650,False,14,110.0,False,1920,1080,544087,86.86,1.49,1.0,1,1.0,1,11,,,,,,,
FP7oJQ,15,capture,FP7oJQ-20260804-161300.mp4,20260804-161300,passthrough,False,2,15.0,1650,1650,False,14,110.0,False,1920,1080,563284,84.95,1.56,1.0,1,1.0,1,11,,,,,,,
FP7oJQ,15,capture,FP7oJQ-20260804-161500.mp4,20260804-161500,passthrough,False,2,14.9999,1679,1680,True,14,111.9,False,1920,1080,559738,86.42,0.54,1.0,1,1.0,1,12,,,,,,,
FP7oJQ,15,capture,FP7oJQ-20260804-161702.mp4,20260804-161702,passthrough,False,2,14.9999,1652,1650,True,14,110.1,False,1920,1080,556672,86.0,0.84,1.0,1,1.0,1,11,,,,,,,
FP7oJQ,15,capture,FP7oJQ-20260804-161902.mp4,20260804-161902,passthrough,False,2,15.0,1648,1650,True,14,109.9,False,1920,1080,563692,87.2,0.7,1.0,1,1.0,1,11,,,,,,,
FP7oJQ,15,capture,FP7oJQ-20260804-162101.mp4,20260804-162101,passthrough,False,2,15.0,1652,1650,True,14,110.1,False,1920,1080,547849,88.37,0.36,1.0,1,1.0,1,11,,,,,,,
FP7oJQ,15,capture,FP7oJQ-20260804-162301.mp4,20260804-162301,passthrough,False,2,15.0001,1649,1650,True,14,109.9,False,1920,1080,557519,86.75,0.54,1.09,2,0.91,1,11,,,,,,,
FP7oJQ,15,capture,FP7oJQ-20260804-162501.mp4,20260804-162501,passthrough,False,2,15.0,1650,1650,False,14,110.0,False,1920,1080,547141,84.83,0.95,1.0,1,1.0,1,11,,,,,,,
FP7oJQ,15,capture,FP7oJQ-20260804-162701.mp4,20260804-162701,passthrough,False,2,15.0001,1650,1650,False,14,110.0,False,1920,1080,533492,84.64,0.59,1.0,1,1.0,1,11,,,,,,,
FP7oJQ,15,capture,FP7oJQ-20260804-162900.mp4,20260804-162900,passthrough,False,2,15.0001,1680,1680,False,14,112.0,True,1920,1080,554850,84.73,1.29,1.0,1,0.99,1,112,67.0,66.0,200.0,19.153,0,1537,1679
FP7oJQ,15,capture,FP7oJQ-20260804-163102.mp4,20260804-163102,passthrough,False,2,30.0019,2519,2520,True,14,84.0,True,1920,1080,1001805,87.33,1.17,1.2,4,1.04,4,168,34.0,33.0,200.0,22.317,1612,833,2518
FP7oJQ,15,capture,FP7oJQ-20260804-163300.mp4,20260804-163300,passthrough,False,2,30.0004,3540,3540,False,14,118.0,True,1920,1080,1701182,88.85,0.5,2.97,5,2.61,4,236,33.0,33.0,67.0,2.779,3515,24,3539
FP7oJQ,15,capture,FP7oJQ-20260804-163459.mp4,20260804-163459,passthrough,False,2,30.001,3540,3540,False,14,118.0,False,1920,1080,1665356,89.77,0.64,2.75,4,2.46,3,24,,,,,,,
FP7oJQ,15,capture,FP7oJQ-20260804-163659.mp4,20260804-163659,passthrough,False,2,29.9994,989,1015,True,14,33.0,False,1920,1080,1769657,89.16,0.4,3.0,4,3.0,4,7,,,,,,,
PPDmUg,09,smoke_09,PPDmUg-20260804-093412.mp4,20260804-093412,passthrough,False,,14.9254,358,330,True,1,24.0,False,1280,720,480544,106.01,0.69,0.0,0,0.0,0,11,,,,,,,
PPDmUg,09,smoke_09,PPDmUg-20260804-093434.mp4,20260804-093434,passthrough,False,,14.9254,299,300,True,1,20.0,False,1280,720,491484,105.7,0.41,0.0,0,0.0,0,10,,,,,,,
PPDmUg,09,smoke_09,PPDmUg-20260804-093454.mp4,20260804-093454,passthrough,False,,14.9254,213,240,True,1,14.3,False,1280,720,496086,105.65,0.2,0.0,0,0.0,0,8,,,,,,,
PPDmUg,10,smoke_10,PPDmUg-20260804-104042.mp4,20260804-104042,passthrough,False,,14.9254,358,330,True,1,24.0,False,1280,720,483818,103.18,0.08,0.0,0,0.0,0,11,,,,,,,
PPDmUg,10,smoke_10,PPDmUg-20260804-104104.mp4,20260804-104104,passthrough,False,,14.9254,62,90,True,1,4.2,False,1280,720,453600,103.08,0.03,0.0,0,0.0,0,3,,,,,,,
PPDmUg,10,smoke_10,PPDmUg-20260804-104850.mp4,20260804-104850,cfr_grid,True,,15.0,328,300,True,1,21.9,False,1280,720,469291,,,,,,,0,,,,,,,
PPDmUg,10,smoke_10,PPDmUg-20260804-104910.mp4,20260804-104910,cfr_grid,True,,15.0018,86,114,True,1,5.7,False,1280,720,508058,,,,,,,0,,,,,,,
PPDmUg,10,smoke_10,PPDmUg-20260804-105641.mp4,20260804-105641,passthrough,False,,14.9254,357,330,True,1,23.9,False,1280,720,486934,99.58,0.34,0.09,1,0.0,0,11,,,,,,,
PPDmUg,10,smoke_10,PPDmUg-20260804-105703.mp4,20260804-105703,passthrough,False,,14.9254,300,300,False,1,20.1,False,1280,720,490660,100.72,0.23,0.0,0,0.0,0,10,,,,,,,
PPDmUg,10,smoke_10,PPDmUg-20260804-105724.mp4,20260804-105724,passthrough,False,,14.9254,228,255,True,1,15.3,False,1280,720,509991,100.77,0.28,0.0,0,0.0,0,9,,,,,,,
PPDmUg,11,smoke_11,PPDmUg-20260804-110227.mp4,20260804-110227,cfr_grid,True,,14.9537,324,300,True,1,21.7,False,1280,720,410589,,,,,,,0,,,,,,,
PPDmUg,11,smoke_11,PPDmUg-20260804-110247.mp4,20260804-110247,cfr_grid,True,,15.0,109,135,True,1,7.3,False,1280,720,460747,,,,,,,0,,,,,,,
PPDmUg,11,smoke_11,PPDmUg-20260804-114416.mp4,20260804-114416,passthrough,False,2,14.9998,358,330,True,1,23.9,False,1280,720,465900,92.19,0.44,0.0,0,0.0,0,11,,,,,,,
PPDmUg,11,smoke_11,PPDmUg-20260804-114438.mp4,20260804-114438,passthrough,False,2,15.0005,299,300,True,1,19.9,False,1280,720,488646,91.7,0.7,0.0,0,0.0,0,10,,,,,,,
PPDmUg,11,smoke_11,PPDmUg-20260804-114458.mp4,20260804-114458,passthrough,False,2,15.0003,228,255,True,1,15.2,False,1280,720,539188,90.58,0.89,0.0,0,0.0,0,9,,,,,,,
PPDmUg,11,smoke_11,PPDmUg-20260804-114637.mp4,20260804-114637,cfr_grid,True,2,14.9998,356,330,True,1,23.7,False,1280,720,501013,,,,,,,0,,,,,,,
PPDmUg,11,smoke_11,PPDmUg-20260804-114700.mp4,20260804-114700,cfr_grid,True,2,15.0021,74,100,True,1,4.9,False,1280,720,523459,,,,,,,0,,,,,,,
PPDmUg,14,smoke_14,PPDmUg-20260804-142858.mp4,20260804-142858,passthrough,False,2,15.0,357,330,True,1,23.8,False,1280,720,454045,110.19,0.05,0.0,0,0.0,0,11,,,,,,,
PPDmUg,14,smoke_14,PPDmUg-20260804-142920.mp4,20260804-142920,passthrough,False,2,14.9995,300,300,False,1,20.0,False,1280,720,474884,109.92,0.16,0.0,0,0.0,0,10,,,,,,,
PPDmUg,14,smoke_14,PPDmUg-20260804-142940.mp4,20260804-142940,passthrough,False,2,14.9993,213,240,True,1,14.2,False,1280,720,474260,109.38,0.17,0.0,0,0.0,0,8,,,,,,,
PPDmUg,14,smoke_14,PPDmUg-20260804-143300.mp4,20260804-143300,cfr_grid,True,2,14155.3398,340,240,True,1,0.0,False,1280,720,388470,,,,,,,0,,,,,,,
PPDmUg,14,smoke_14,PPDmUg-20260804-143322.mp4,20260804-143322,cfr_grid,True,2,13955.0562,301,240,True,1,0.0,False,1280,720,416932,,,,,,,0,,,,,,,
PPDmUg,14,smoke_14,PPDmUg-20260804-143342.mp4,20260804-143342,cfr_grid,True,2,13094.2623,248,224,True,1,0.0,False,1280,720,405104,,,,,,,0,,,,,,,
PPDmUg,14,smoke_14,PPDmUg-20260804-143606.mp4,20260804-143606,cfr_grid,True,2,14336.2832,330,300,True,1,0.0,False,1280,720,384070,,,,,,,0,,,,,,,
PPDmUg,14,smoke_14,PPDmUg-20260804-143626.mp4,20260804-143626,cfr_grid,True,2,17291.6667,301,300,True,1,0.0,False,1280,720,456108,,,,,,,0,,,,,,,
PPDmUg,14,smoke_14,PPDmUg-20260804-143647.mp4,20260804-143647,cfr_grid,True,2,17435.8974,257,284,True,1,0.0,False,1280,720,480959,,,,,,,0,,,,,,,
PPDmUg,15,aborted,PPDmUg-20260804-150849.mp4,20260804-150849,passthrough,False,2,15.0001,1388,1389,True,1,92.5,False,1280,720,462840,104.66,0.47,0.0,0,0.0,0,10,,,,,,,
PPDmUg,15,capture,PPDmUg-20260804-153241.mp4,20260804-153241,passthrough,False,2,15.0,1861,1830,True,1,124.1,False,1280,720,479490,104.69,0.82,0.0,0,0.0,0,13,,,,,,,
PPDmUg,15,capture,PPDmUg-20260804-153442.mp4,20260804-153442,passthrough,False,2,15.0,1576,1608,True,1,105.1,False,1280,720,474397,105.74,0.75,0.0,0,0.0,0,11,,,,,,,
PPDmUg,15,capture,PPDmUg-20260804-153855.mp4,20260804-153855,passthrough,False,2,15.0001,591,592,True,5,39.4,False,1280,720,393660,110.5,1.01,0.0,0,0.0,0,4,,,,,,,
PPDmUg,15,capture,PPDmUg-20260804-154221.mp4,20260804-154221,passthrough,False,2,15.0001,1858,1830,True,7,123.9,False,1280,720,472599,110.6,1.67,0.0,0,0.0,0,13,,,,,,,
PPDmUg,15,capture,PPDmUg-20260804-154423.mp4,20260804-154423,passthrough,False,2,15.0,358,387,True,7,23.9,False,1280,720,476063,108.85,0.09,0.0,0,0.0,0,13,,,,,,,
PPDmUg,15,capture,PPDmUg-20260804-154626.mp4,20260804-154626,passthrough,False,2,15.0001,1858,1830,True,10,123.9,False,1280,720,491547,107.6,1.77,0.0,0,0.0,0,13,,,,,,,
PPDmUg,15,capture,PPDmUg-20260804-154828.mp4,20260804-154828,passthrough,False,2,15.2216,1860,1860,False,10,122.2,False,1280,720,512403,107.9,1.23,0.0,0,0.0,0,13,,,,,,,
PPDmUg,15,capture,PPDmUg-20260804-155028.mp4,20260804-155028,passthrough,False,2,15.0,1769,1770,True,10,117.9,False,1280,720,499370,108.93,2.15,0.0,0,0.0,0,12,,,,,,,
PPDmUg,15,capture,PPDmUg-20260804-155226.mp4,20260804-155226,passthrough,False,2,15.0,911,939,True,10,60.7,False,1280,720,504617,109.55,1.71,0.0,0,0.0,0,7,,,,,,,
PPDmUg,15,capture,PPDmUg-20260804-155436.mp4,20260804-155436,passthrough,False,2,15.0,1856,1830,True,12,123.7,False,1280,720,381332,107.59,0.46,0.0,0,0.0,0,13,,,,,,,
PPDmUg,15,capture,PPDmUg-20260804-155627.mp4,20260804-155627,passthrough,False,2,15.0,1800,1800,False,12,120.0,False,1280,720,382272,107.64,0.43,0.0,0,0.0,0,12,,,,,,,
PPDmUg,15,capture,PPDmUg-20260804-155827.mp4,20260804-155827,passthrough,False,2,15.0,1802,1800,True,12,120.1,False,1280,720,381493,106.8,0.12,0.0,0,0.0,0,12,,,,,,,
PPDmUg,15,capture,PPDmUg-20260804-160028.mp4,20260804-160028,passthrough,False,2,15.0,1390,1419,True,12,92.7,False,1280,720,386370,106.61,0.12,0.0,0,0.0,0,10,,,,,,,
PPDmUg,15,capture,PPDmUg-20260804-160249.mp4,20260804-160249,passthrough,False,2,15.0001,1428,1429,True,13,95.2,False,1280,720,381703,106.49,0.79,0.0,0,0.0,0,10,,,,,,,
PPDmUg,15,capture,PPDmUg-20260804-160438.mp4,20260804-160438,passthrough,False,2,15.0,1858,1830,True,14,123.9,False,1280,720,469324,109.02,0.79,0.0,0,0.0,0,13,,,,,,,
PPDmUg,15,capture,PPDmUg-20260804-160641.mp4,20260804-160641,passthrough,False,2,14.9999,1800,1800,False,14,120.0,False,1280,720,472669,112.59,1.43,0.0,0,0.0,0,12,,,,,,,
PPDmUg,15,capture,PPDmUg-20260804-160841.mp4,20260804-160841,passthrough,False,2,14.9999,1800,1800,False,14,120.0,False,1280,720,471027,113.78,1.5,0.0,0,0.0,0,12,,,,,,,
PPDmUg,15,capture,PPDmUg-20260804-161041.mp4,20260804-161041,passthrough,False,2,14.9999,1800,1800,False,14,120.0,False,1280,720,484914,111.94,1.52,0.0,0,0.0,0,12,,,,,,,
PPDmUg,15,capture,PPDmUg-20260804-161241.mp4,20260804-161241,passthrough,False,2,14.9999,1800,1800,False,14,120.0,False,1280,720,482515,104.62,2.33,0.0,0,0.0,0,12,,,,,,,
PPDmUg,15,capture,PPDmUg-20260804-161441.mp4,20260804-161441,passthrough,False,2,15.0,1799,1800,True,14,119.9,False,1280,720,471750,108.32,1.18,0.0,0,0.0,0,12,,,,,,,
PPDmUg,15,capture,PPDmUg-20260804-161641.mp4,20260804-161641,passthrough,False,2,15.0,1801,1800,True,14,120.1,False,1280,720,483109,108.92,1.4,0.0,0,0.0,0,12,,,,,,,
PPDmUg,15,capture,PPDmUg-20260804-161841.mp4,20260804-161841,passthrough,False,2,14.9999,1800,1800,False,14,120.0,False,1280,720,475856,110.49,1.65,0.0,0,0.0,0,12,,,,,,,
PPDmUg,15,capture,PPDmUg-20260804-162041.mp4,20260804-162041,passthrough,False,2,14.9999,1800,1800,False,14,120.0,False,1280,720,463057,109.0,0.29,0.0,0,0.0,0,12,,,,,,,
PPDmUg,15,capture,PPDmUg-20260804-162241.mp4,20260804-162241,passthrough,False,2,14.9999,1800,1800,False,14,120.0,False,1280,720,460068,105.38,1.42,0.0,0,0.0,0,12,,,,,,,
PPDmUg,15,capture,PPDmUg-20260804-162441.mp4,20260804-162441,passthrough,False,2,14.9999,1800,1800,False,14,120.0,False,1280,720,464921,103.28,0.9,0.0,0,0.0,0,12,,,,,,,
PPDmUg,15,capture,PPDmUg-20260804-162641.mp4,20260804-162641,passthrough,False,2,14.9999,1800,1800,False,14,120.0,False,1280,720,472666,106.1,1.47,0.0,0,0.0,0,12,,,,,,,
PPDmUg,15,capture,PPDmUg-20260804-162841.mp4,20260804-162841,passthrough,False,2,14.9999,1800,1800,False,14,120.0,True,1280,720,479794,108.06,1.29,0.0,0,0.0,0,120,67.0,66.0,67.0,0.471,0,1799,1799
PPDmUg,15,capture,PPDmUg-20260804-163041.mp4,20260804-163041,passthrough,False,2,17.6351,2100,2100,False,14,119.1,True,1280,720,575973,107.94,0.48,0.06,1,0.05,1,140,66.0,33.0,133.0,15.353,627,1471,2099
PPDmUg,15,capture,PPDmUg-20260804-163240.mp4,20260804-163240,passthrough,False,2,15.453,1949,1950,True,14,126.1,True,1280,720,531585,108.61,0.27,0.05,2,0.05,2,130,67.0,33.0,67.0,12.267,314,1634,1948
PPDmUg,15,capture,PPDmUg-20260804-163439.mp4,20260804-163439,passthrough,False,2,15.2215,1891,1890,True,14,124.2,True,1280,720,501300,112.44,1.7,0.0,0,0.0,0,126,67.0,33.0,67.0,9.21,157,1733,1890
PPDmUg,15,capture,PPDmUg-20260804-163640.mp4,20260804-163640,passthrough,False,2,15.0088,851,879,True,14,56.7,True,1280,720,490558,112.69,1.97,0.02,1,0.02,1,59,67.0,33.0,67.0,1.675,2,848,850
